km_grid,km_total_iedzivotaji,lat,long,Male_Density_gr,Kid_Density_gr,Work_Age_Density_gr,Elderly_Density_gr,Penetration,Clients,Potencial,Penetration_bin
1kmX315Y264,4605,21.00490166,56.48880975,Low,Medium,Low,High,"0,68",3143,1462,60%-69%
1kmX315Y265,3914,21.00307559,56.49781517,Low,Medium,Low,Medium,"0,72",2814,1100,70%-79%
1kmX315Y266,4717,21.00187383,56.50666970,Low,Medium,Low,Medium,"0,62",2924,1793,60%-69%
1kmX315Y267,2638,21.00116495,56.51564159,Low,Medium,Medium,Medium,"0,10",269,2369,10%-19%
1kmX315Y268,844,21.00175628,56.52404800,High,Low,High,Medium,"0,64",537,307,60%-69%
1kmX315Y269,4849,21.00394850,56.53359022,Low,Medium,Low,High,"0,90",4349,500,80%-89%
1kmX315Y270,564,21.00349763,56.54272969,Low,Medium,Medium,High,"0,70",396,168,70%-79%
1kmX316Y263,6555,21.02021162,56.48014434,Low,Medium,Medium,Medium,"0,92",6050,505,90%-99%
1kmX316Y264,4498,21.01950778,56.48911642,Low,Medium,Low,Medium,"0,16",699,3799,10%-19%
1kmX316Y265,3324,21.01880354,56.49808847,Low,Medium,Low,High,"0,01",37,3287,<10%
1kmX316Y266,4489,21.01809889,56.50706052,Medium,Medium,Medium,Medium,"0,81",3616,873,80%-89%
1kmX316Y267,2646,21.01739383,56.51603254,Low,Medium,Medium,Medium,"0,87",2309,337,80%-89%
1kmX316Y268,3049,21.01668837,56.52500454,Low,Medium,Medium,Medium,"0,58",1780,1269,50%-59%
1kmX316Y269,5548,21.01598251,56.53397653,Low,Medium,Medium,Medium,"0,35",1948,3600,30%-39%
1kmX316Y270,714,21.01527623,56.54294849,Medium,High,Medium,Medium,"0,34",242,472,30%-39%
1kmX316Y271,4325,21.01456955,56.55192044,Low,High,Medium,Medium,"0,74",3199,1126,70%-79%
1kmX316Y272,1148,21.01386246,56.56089237,Low,High,Medium,Medium,"0,23",259,889,20%-29%
1kmX317Y266,671,21.03432435,56.50744922,Medium,High,Medium,Medium,"0,65",433,238,60%-69%
1kmX317Y268,484,21.03292149,56.52539350,Low,High,Medium,Medium,"0,48",232,252,40%-49%
1kmX317Y269,1540,21.03221945,56.53436562,Low,Medium,Medium,High,"0,78",1199,341,70%-79%
1kmX317Y271,842,21.03081415,56.55230980,Low,Medium,Low,Medium,"0,49",416,426,40%-49%
1kmX318Y248,765,21.06303522,56.34633149,Low,Medium,Medium,Medium,"0,66",506,259,60%-69%
1kmX318Y271,2273,21.04705916,56.55269704,Low,Medium,Medium,Medium,"0,87",1967,306,80%-89%
1kmX319Y270,2114,21.06399976,56.54410981,Low,Medium,Medium,Medium,"0,52",1104,1010,50%-59%
1kmX320Y270,483,21.08024173,56.54449268,Medium,High,Medium,Medium,"0,84",404,79,80%-89%
1kmX321Y271,1166,21.09579659,56.55384602,Low,Medium,Medium,Medium,"0,72",845,321,70%-79%
1kmX324Y275,344,21.14182961,56.59086766,Medium,Medium,Medium,Low,"0,98",336,8,90%-99%
1kmX325Y268,406,21.16280077,56.52842893,Medium,High,Low,Medium,"0,85",347,59,80%-89%
1kmX325Y269,940,21.16212936,56.53740208,Low,Medium,Low,High,"0,81",760,180,80%-89%
1kmX326Y268,427,21.17903745,56.52879883,Medium,Medium,Low,Medium,"0,78",333,94,70%-79%
1kmX326Y269,1193,21.17836986,56.53777209,Medium,Medium,Medium,Medium,"0,41",493,700,40%-49%
1kmX327Y262,437,21.19924900,56.47532586,Low,Medium,Low,Medium,"0,71",309,128,70%-79%
1kmX329Y268,329,21.22774977,56.52989578,Medium,Low,High,High,"0,08",25,304,<10%
1kmX329Y307,375,21.20187910,56.87985438,Low,Medium,Low,High,"0,12",44,331,10%-19%
1kmX350Y258,374,21.57456554,56.44727857,Medium,Medium,Low,High,"0,15",57,317,10%-19%
1kmX351Y257,336,21.59134105,56.43861802,Low,Low,Medium,Medium,"0,49",165,171,40%-49%
1kmX351Y258,665,21.59077292,56.44759437,Low,Medium,Medium,Medium,"0,09",57,608,<10%
1kmX352Y258,381,21.60698063,56.44790805,Medium,Medium,Medium,Medium,"0,81",308,73,80%-89%
1kmX352Y289,554,21.58932443,56.72616994,Low,Medium,Low,High,"0,47",259,295,40%-49%
1kmX352Y317,437,21.57310212,56.97748937,Low,Medium,Medium,Medium,"0,84",365,72,80%-89%
1kmX352Y362,4150,21.54646873,57.38136794,Low,Medium,Medium,Medium,"0,09",391,3759,<10%
1kmX352Y363,2604,21.54586885,57.39034263,Low,Medium,Medium,Medium,"0,54",1414,1190,50%-59%
1kmX353Y288,1496,21.60622239,56.71750875,Low,Medium,Low,High,"0,98",1462,34,90%-99%
1kmX353Y289,1060,21.60565177,56.72648480,Medium,Medium,Medium,Medium,"0,21",225,835,20%-29%
1kmX353Y359,311,21.56487100,57.35476623,Medium,Medium,Low,High,"0,43",135,176,40%-49%
1kmX353Y361,434,21.56368110,57.37271592,Medium,Medium,Medium,Medium,"0,56",244,190,50%-59%
1kmX353Y362,1991,21.56308563,57.38169074,Medium,Medium,Medium,Medium,"0,59",1179,812,50%-59%
1kmX353Y363,3821,21.56248980,57.39066554,Low,Medium,Medium,Medium,"0,85",3256,565,80%-89%
1kmX353Y364,469,21.56204040,57.39956724,Low,Medium,Medium,Medium,"0,99",462,7,90%-99%
1kmX354Y287,375,21.62311260,56.70884520,Medium,Medium,Low,High,"0,63",237,138,60%-69%
1kmX354Y361,1766,21.58029431,57.37303642,Medium,Medium,Medium,Medium,"0,09",155,1611,<10%
1kmX354Y362,768,21.57970288,57.38201135,Medium,Medium,Low,High,"0,64",495,273,60%-69%
1kmX354Y363,4804,21.57911111,57.39098626,Low,Medium,Low,High,"0,32",1523,3281,30%-39%
1kmX354Y364,1655,21.57851899,57.39996116,Low,Medium,Low,High,"0,54",895,760,50%-59%
1kmX355Y363,399,21.59573277,57.39130479,High,Medium,High,Medium,"0,15",60,339,10%-19%
1kmX355Y364,3032,21.59514470,57.40027980,Low,Medium,Medium,High,"0,64",1942,1090,60%-69%
1kmX355Y365,3791,21.59455629,57.40925479,Low,Medium,Medium,Medium,"0,40",1526,2265,40%-49%
1kmX356Y362,313,21.61293843,57.38264600,Medium,Medium,Medium,Medium,"0,72",225,88,70%-79%
1kmX356Y364,3000,21.61177076,57.40059624,Medium,Medium,Medium,Medium,"0,87",2600,400,80%-89%
1kmX357Y356,363,21.63302724,57.32910827,Low,Medium,Medium,Medium,"0,97",353,10,90%-99%
1kmX359Y344,577,21.67302410,57.22202060,Medium,Medium,Medium,Medium,"0,09",54,523,<10%
1kmX366Y254,320,21.83596352,56.41616594,Medium,Medium,Medium,Medium,"0,31",99,221,30%-39%
1kmX367Y254,498,21.85216061,56.41644751,Low,Medium,Low,High,"0,44",219,279,40%-49%
1kmX370Y271,302,21.89230344,56.56990835,Medium,Medium,Medium,Medium,"0,97",292,10,90%-99%
1kmX370Y279,337,21.88829811,56.64173208,Medium,Low,Medium,High,"0,54",183,154,50%-59%
1kmX373Y315,730,21.91934786,56.96575626,Medium,High,Medium,Medium,"0,68",498,232,60%-69%
1kmX375Y315,1534,21.95221950,56.96629881,Low,Medium,Medium,High,"0,45",685,849,40%-49%
1kmX375Y316,2643,21.95172667,56.97527660,Low,Medium,Low,High,"0,86",2281,362,80%-89%
1kmX376Y310,331,21.97109589,56.92167721,Medium,Medium,High,Low,"0,74",246,85,70%-79%
1kmX376Y314,327,21.96914435,56.95758895,Medium,High,Medium,Medium,"0,20",67,260,20%-29%
1kmX376Y315,2259,21.96865575,56.96656685,Low,Medium,Medium,Medium,"0,25",571,1688,20%-29%
1kmX376Y316,1250,21.96816687,56.97554473,Medium,Medium,Medium,Medium,"0,47",583,667,40%-49%
1kmX377Y315,454,21.98509229,56.96683273,Low,Medium,Medium,Medium,"0,54",246,208,50%-59%
1kmX377Y316,691,21.98460736,56.97581070,Medium,Medium,Medium,Medium,"0,97",667,24,90%-99%
1kmX378Y282,958,22.01724562,56.67081169,Low,Medium,Low,High,"0,43",408,550,40%-49%
1kmX378Y283,579,22.01677377,56.67979027,Medium,Medium,Medium,Medium,"0,00",2,577,<10%
1kmX378Y315,710,22.00152911,56.96709645,Medium,Medium,Medium,Medium,"0,21",147,563,20%-29%
1kmX379Y317,333,22.01701186,56.98531430,Medium,Medium,High,Low,"0,14",48,285,10%-19%
1kmX380Y349,499,22.01816264,57.27286882,Low,Medium,Medium,Medium,"0,29",144,355,20%-29%
1kmX380Y350,489,22.01768005,57.28184653,Medium,Medium,Medium,High,"0,43",211,278,40%-49%
1kmX382Y261,317,22.09200207,56.48327252,Medium,Medium,Medium,Medium,"0,63",200,117,60%-69%
1kmX390Y267,331,22.21931011,56.53907898,Medium,Medium,Medium,Low,"0,05",16,315,<10%
1kmX392Y304,417,22.23633896,56.87178920,Medium,High,Medium,Low,"0,53",223,194,50%-59%
1kmX398Y252,329,22.35517942,56.40616619,Low,Medium,Medium,Medium,"0,77",252,77,70%-79%
1kmX401Y287,338,22.39047940,56.72112222,Medium,High,Low,Medium,"0,65",221,117,60%-69%
1kmX401Y288,397,22.39009562,56.73010256,Medium,Medium,Low,Medium,"0,42",166,231,40%-49%
1kmX401Y374,312,22.35623807,57.50235665,Medium,Medium,Medium,Medium,"0,71",222,90,70%-79%
1kmX401Y375,681,22.35583424,57.51133571,Medium,Medium,Medium,High,"0,76",520,161,70%-79%
1kmX404Y284,334,22.44059447,56.69480372,Low,Medium,High,Low,"0,33",111,223,30%-39%
1kmX405Y284,651,22.45691658,56.69500698,Medium,Medium,Medium,Medium,"0,33",212,439,30%-39%
1kmX406Y279,555,22.47505425,56.65030423,Medium,Medium,Medium,Medium,"0,05",25,530,<10%
1kmX406Y280,1075,22.47469160,56.65928504,Medium,Medium,Medium,Medium,"0,79",847,228,70%-79%
1kmX406Y281,1168,22.47432874,56.66826583,Medium,Medium,Medium,Medium,"0,56",649,519,50%-59%
1kmX406Y282,477,22.47396567,56.67724660,Medium,Medium,Medium,Medium,"0,87",413,64,80%-89%
1kmX407Y279,611,22.49135740,56.65050288,Medium,Medium,Medium,Medium,"0,76",467,144,70%-79%
1kmX407Y280,1800,22.49099862,56.65948375,Low,Medium,Medium,Medium,"0,04",66,1734,<10%
1kmX407Y281,1736,22.49063964,56.66846461,Low,Medium,Medium,Medium,"0,30",516,1220,20%-29%
1kmX407Y282,638,22.49028044,56.67744545,Medium,Medium,Medium,Medium,"0,31",199,439,30%-39%
1kmX408Y280,539,22.50730585,56.65968033,Low,Medium,Medium,Medium,"0,56",303,236,50%-59%
1kmX408Y281,1565,22.50695074,56.66866125,Low,Medium,Medium,Medium,"0,11",170,1395,10%-19%
1kmX409Y281,327,22.52326205,56.66885576,Medium,Medium,Medium,Medium,"0,98",320,7,90%-99%
1kmX409Y356,441,22.49632845,57.34238883,Medium,Medium,Medium,Medium,"0,67",295,146,60%-69%
1kmX410Y343,496,22.51763825,57.22584540,Medium,Medium,Medium,Medium,"0,96",476,20,90%-99%
1kmX411Y332,417,22.53810056,57.12725640,Medium,Medium,Medium,Medium,"0,54",227,190,50%-59%
1kmX411Y334,502,22.53739228,57.14521713,Medium,Medium,Medium,Medium,"0,84",422,80,80%-89%
1kmX412Y282,2529,22.57185738,56.67840765,Low,Medium,Medium,Medium,"0,98",2478,51,90%-99%
1kmX413Y323,623,22.57423132,57.04681187,Low,Medium,Low,High,"0,63",394,229,60%-69%
1kmX413Y344,726,22.56696008,57.23540211,Medium,Medium,Medium,Medium,"0,66",477,249,60%-69%
1kmX413Y345,381,22.56661159,57.24438244,Low,Medium,Medium,Medium,"0,73",279,102,70%-79%
1kmX414Y345,4724,22.58317676,57.24457033,Low,Medium,Medium,High,"0,57",2691,2033,50%-59%
1kmX414Y346,1017,22.58283209,57.25355071,Low,Medium,Medium,Medium,"0,69",699,318,60%-69%
1kmX415Y342,376,22.60076284,57.21781462,Low,Medium,Medium,Medium,"0,03",10,366,<10%
1kmX415Y345,1093,22.59974212,57.24475603,Low,Medium,Medium,Medium,"0,51",562,531,50%-59%
1kmX415Y346,714,22.59940148,57.25373648,Medium,Medium,Medium,Medium,"0,02",12,702,<10%
1kmX415Y359,909,22.59495491,57.37048096,Medium,Medium,Medium,Medium,"0,14",127,782,10%-19%
1kmX415Y400,455,22.58070552,57.73865936,Medium,Medium,Medium,Medium,"0,51",232,223,50%-59%
1kmX419Y350,472,22.66438099,57.29038033,Low,Medium,Medium,Medium,"0,64",302,170,60%-69%
1kmX424Y343,374,22.74944737,57.22836711,Medium,Medium,Medium,High,"0,71",264,110,70%-79%
1kmX425Y321,962,22.77256255,57.03094386,Low,Medium,Medium,High,"0,32",306,656,30%-39%
1kmX425Y322,1487,22.77226638,57.03992523,Medium,Medium,Medium,Medium,"0,50",741,746,40%-49%
1kmX426Y321,310,22.78903401,57.03110422,Low,Medium,Low,High,"0,93",287,23,90%-99%
1kmX426Y322,341,22.78874181,57.04008565,Medium,Medium,Low,Medium,"0,81",275,66,80%-89%
1kmX426Y352,429,22.77989580,57.30952205,Low,Medium,Medium,Medium,"0,97",416,13,90%-99%
1kmX427Y374,608,22.78988183,57.50719626,Low,Medium,Medium,Medium,"0,19",118,490,10%-19%
1kmX428Y373,655,22.80697291,57.49843995,Low,Medium,Medium,High,"0,88",579,76,80%-89%
1kmX428Y374,428,22.80488468,57.50554371,Medium,Medium,Medium,High,"0,23",97,331,20%-29%
1kmX431Y257,753,22.88849816,56.45701651,Low,Medium,Low,High,"0,23",174,579,20%-29%
1kmX431Y258,809,22.88823575,56.46599908,Low,Medium,Low,High,"0,60",487,322,60%-69%
1kmX432Y257,405,22.90472109,56.45716070,Medium,Medium,Medium,Medium,"0,25",100,305,20%-29%
1kmX432Y258,654,22.90446251,56.46614333,Medium,Medium,Medium,High,"0,50",329,325,50%-59%
1kmX433Y321,519,22.90433888,57.03216612,Medium,Medium,Medium,Medium,"0,62",323,196,60%-69%
1kmX439Y287,321,23.01127357,56.72759322,Medium,Medium,Medium,Medium,"0,34",108,213,30%-39%
1kmX440Y280,322,23.02923330,56.66484331,Medium,Medium,Low,Medium,"0,57",185,137,50%-59%
1kmX442Y260,753,23.06629693,56.48543526,Low,Medium,Medium,High,"0,58",434,319,50%-59%
1kmX444Y310,455,23.08796624,56.93481429,Medium,Medium,Medium,Medium,"0,29",131,324,20%-29%
1kmX446Y312,978,23.12040498,56.95301467,Medium,High,Medium,Medium,"0,98",958,20,90%-99%
1kmX446Y313,421,23.12019336,56.96199716,Medium,High,Low,Medium,"0,67",284,137,60%-69%
1kmX446Y314,328,23.11998162,56.97097964,Medium,Medium,Medium,Medium,"0,02",8,320,<10%
1kmX447Y314,908,23.13642842,56.97109423,Medium,High,Medium,Medium,"0,25",223,685,20%-29%
1kmX447Y355,448,23.12516657,57.33876626,Medium,Medium,Medium,High,"0,18",80,368,10%-19%
1kmX448Y313,1366,23.15307917,56.96222411,Low,High,Medium,Medium,"0,95",1298,68,90%-99%
1kmX448Y314,3809,23.15287534,56.97120667,Low,Medium,Medium,Medium,"0,70",2649,1160,60%-69%
1kmX448Y315,384,23.15267139,56.98018921,Medium,High,Medium,Medium,"0,89",341,43,80%-89%
1kmX449Y313,781,23.16952225,56.96233435,Medium,High,Medium,Medium,"0,03",26,755,<10%
1kmX449Y314,3149,23.16932238,56.97131694,Low,Medium,Low,High,"0,77",2415,734,70%-79%
1kmX450Y312,1909,23.18616126,56.95345978,Low,Medium,Medium,Medium,"0,88",1686,223,80%-89%
1kmX450Y313,817,23.18596545,56.96244242,Medium,Medium,Low,Medium,"0,78",641,176,70%-79%
1kmX450Y314,956,23.18576954,56.97142505,Medium,Medium,Medium,Medium,"0,37",357,599,30%-39%
1kmX450Y318,422,23.18498473,57.00735543,Low,Low,Low,High,"0,24",101,321,20%-29%
1kmX452Y278,1027,23.22536389,56.64824913,Low,High,Medium,Low,"0,63",646,381,60%-69%
1kmX452Y335,440,23.21469065,57.16026841,Medium,Medium,Medium,Medium,"0,42",186,254,40%-49%
1kmX453Y335,423,23.22829722,57.16044358,Medium,Medium,Low,High,"0,55",232,191,50%-59%
1kmX455Y274,1162,23.27497303,56.61261068,Medium,Medium,Medium,Medium,"0,13",156,1006,10%-19%
1kmX455Y275,1111,23.27480084,56.62159400,Low,Medium,Low,High,"0,91",1013,98,90%-99%
1kmX455Y276,1265,23.27462855,56.63057731,Low,Medium,Medium,Medium,"0,77",976,289,70%-79%
1kmX456Y274,2217,23.29126435,56.61270453,Low,Medium,Medium,Medium,"0,06",135,2082,<10%
1kmX456Y275,1754,23.29109603,56.62168789,Low,Medium,Medium,Medium,"0,56",976,778,50%-59%
1kmX456Y276,1298,23.29092761,56.63067123,Low,Medium,Medium,Medium,"0,92",1192,106,90%-99%
1kmX456Y300,427,23.28685616,56.84626743,Low,Medium,Low,High,"0,44",187,240,40%-49%
1kmX459Y251,375,23.34371846,56.40635034,Medium,Medium,Medium,Medium,"0,66",246,129,60%-69%
1kmX459Y263,429,23.34185677,56.51415451,Low,Medium,Medium,Medium,"0,45",195,234,40%-49%
1kmX459Y312,570,23.33411933,56.95433491,Medium,Medium,Medium,Medium,"0,85",482,88,80%-89%
1kmX461Y269,365,23.37346593,56.56822410,Medium,Medium,Medium,Medium,"0,48",176,189,40%-49%
1kmX462Y288,608,23.38697500,56.73899110,Low,Medium,Medium,Medium,"0,07",43,565,<10%
1kmX463Y275,305,23.40516490,56.62228536,Medium,Medium,Medium,High,"0,07",20,285,<10%
1kmX465Y275,468,23.43775678,56.62243686,Low,Medium,Medium,High,"0,18",86,382,10%-19%
1kmX468Y311,944,23.48220951,56.94605184,Medium,Medium,Medium,Medium,"0,91",858,86,90%-99%
1kmX469Y282,762,23.50211334,56.68559982,Medium,Medium,Medium,Medium,"0,23",174,588,20%-29%
1kmX469Y311,592,23.49864658,56.94611881,High,Medium,Medium,Medium,"0,74",436,156,70%-79%
1kmX470Y264,463,23.52048989,56.52395658,Low,Medium,Medium,Medium,"0,12",54,409,10%-19%
1kmX470Y317,599,23.51422151,57.00000188,Low,Medium,Medium,High,"0,30",179,420,20%-29%
1kmX470Y318,301,23.51115704,57.00843777,Medium,Medium,Medium,High,"0,95",286,15,90%-99%
1kmX475Y295,364,23.59881264,56.80274006,Low,Medium,Medium,Medium,"0,83",301,63,80%-89%
1kmX475Y312,2518,23.59717351,56.95545858,Low,Medium,Medium,High,"0,55",1381,1137,50%-59%
1kmX475Y313,3982,23.59676812,56.96405247,Low,Medium,Low,High,"0,42",1664,2318,40%-49%
1kmX476Y295,1166,23.61518721,56.80279162,Medium,Medium,Medium,High,"0,63",732,434,60%-69%
1kmX476Y310,589,23.61380075,56.93754372,Medium,Medium,Medium,Medium,"0,28",167,422,20%-29%
1kmX476Y311,2619,23.61370789,56.94652708,Low,Medium,Medium,Medium,"0,20",524,2095,20%-29%
1kmX476Y312,9035,23.61361497,56.95551044,Low,Medium,Medium,Medium,"0,40",3629,5406,40%-49%
1kmX476Y313,2201,23.61318369,56.96322405,Low,Medium,Medium,Medium,"0,13",281,1920,10%-19%
1kmX477Y311,1070,23.63014545,56.94657677,Low,Medium,Medium,Medium,"0,71",760,310,70%-79%
1kmX477Y312,796,23.63005649,56.95556014,Medium,Medium,Medium,Medium,"0,31",248,548,30%-39%
1kmX478Y311,349,23.64658307,56.94662429,Medium,Medium,Medium,Medium,"0,56",195,154,50%-59%
1kmX479Y271,356,23.66622461,56.58732278,Medium,Medium,Medium,Medium,"0,23",83,273,20%-29%
1kmX479Y278,411,23.66566928,56.65021000,Medium,High,Medium,Low,"0,67",277,134,60%-69%
1kmX479Y279,959,23.66558977,56.65919384,Medium,High,Medium,Medium,"0,78",745,214,70%-79%
1kmX480Y251,708,23.68400360,56.40768380,Low,Medium,Medium,Medium,"0,61",435,273,60%-69%
1kmX480Y277,329,23.68205340,56.64126886,Medium,Medium,High,Low,"0,81",268,61,80%-89%
1kmX480Y278,400,23.68197781,56.65025272,Medium,High,Medium,Low,"0,52",207,193,50%-59%
1kmX480Y310,401,23.67953550,56.93772943,Medium,High,Medium,Medium,"0,04",18,383,<10%
1kmX480Y311,338,23.67945845,56.94671286,Low,Medium,Medium,Medium,"0,80",270,68,70%-79%
1kmX480Y312,933,23.67938134,56.95569628,Medium,Medium,Medium,Medium,"0,15",143,790,10%-19%
1kmX481Y252,401,23.70013764,56.41670824,Medium,Medium,Low,High,"0,97",388,13,90%-99%
1kmX481Y276,1675,23.69842977,56.63232554,Medium,High,Medium,Medium,"0,43",718,957,40%-49%
1kmX481Y277,1972,23.69835809,56.64130943,Medium,Medium,Medium,Medium,"0,05",95,1877,<10%
1kmX481Y278,4729,23.69828638,56.65029331,Low,Medium,Medium,Medium,"0,78",3705,1024,70%-79%
1kmX481Y279,6291,23.69821462,56.65927717,Low,Medium,Medium,Medium,"0,70",4427,1864,70%-79%
1kmX481Y309,413,23.69604237,56.92878700,Medium,High,Medium,Medium,"0,57",236,177,50%-59%
1kmX481Y311,466,23.69589621,56.94675391,Medium,Medium,Medium,Medium,"0,15",69,397,10%-19%
1kmX481Y312,882,23.69582306,56.95573734,Medium,Medium,Medium,Medium,"0,44",388,494,40%-49%
1kmX482Y275,446,23.71479839,56.62338005,Medium,Medium,Medium,Medium,"0,56",250,196,50%-59%
1kmX482Y276,999,23.71473063,56.63236397,Medium,Medium,Medium,Medium,"0,47",468,531,40%-49%
1kmX482Y277,2790,23.71466283,56.64134787,Medium,High,Medium,Medium,"0,39",1080,1710,30%-39%
1kmX482Y278,6385,23.71459498,56.65033176,Low,Medium,Medium,Medium,"0,13",848,5537,10%-19%
1kmX482Y279,2962,23.71452710,56.65931564,Low,Medium,Medium,Medium,"0,15",448,2514,10%-19%
1kmX482Y282,465,23.71432323,56.68626719,Medium,Low,Medium,High,"0,62",287,178,60%-69%
1kmX482Y312,972,23.71226481,56.95577624,Medium,Medium,Medium,Medium,"0,23",220,752,20%-29%
1kmX482Y313,421,23.71267831,56.96275858,Low,Medium,Medium,Medium,"0,58",246,175,50%-59%
1kmX483Y275,769,23.73109542,56.62341633,Medium,High,Low,Medium,"0,94",722,47,90%-99%
1kmX483Y276,642,23.73103152,56.63240025,Medium,Medium,Medium,Medium,"0,31",200,442,30%-39%
1kmX483Y277,3674,23.73096760,56.64138417,Medium,Medium,Medium,Medium,"0,46",1683,1991,40%-49%
1kmX483Y278,3829,23.73090363,56.65036807,Low,Medium,Medium,Medium,"0,80",3081,748,80%-89%
1kmX483Y280,814,23.73077559,56.66833584,Medium,High,Medium,Medium,"0,23",187,627,20%-29%
1kmX483Y312,857,23.72870661,56.95581298,Medium,Medium,Medium,Medium,"0,45",385,472,40%-49%
1kmX483Y313,616,23.72899595,56.96357183,Medium,Medium,Medium,Medium,"0,79",487,129,70%-79%
1kmX484Y250,332,23.74888174,56.39884770,Medium,Medium,High,Medium,"0,67",221,111,60%-69%
1kmX484Y276,340,23.74733246,56.63243441,Medium,Medium,Low,Medium,"0,46",158,182,40%-49%
1kmX484Y278,1036,23.74721232,56.65040225,Medium,Medium,Medium,Medium,"0,35",363,673,30%-39%
1kmX484Y279,1163,23.74715219,56.65938615,Medium,Medium,Medium,Medium,"0,44",511,652,40%-49%
1kmX484Y280,3078,23.74709204,56.66837004,Low,Medium,Medium,Medium,"0,43",1311,1767,40%-49%
1kmX484Y313,457,23.74533385,56.96464533,Medium,Medium,Medium,Medium,"0,84",385,72,80%-89%
1kmX485Y278,1128,23.76352104,56.65043429,Low,Medium,Medium,Medium,"0,07",78,1050,<10%
1kmX485Y279,2010,23.76346479,56.65941821,Medium,Medium,Low,Medium,"0,58",1157,853,50%-59%
1kmX485Y280,3536,23.76340852,56.66840210,Low,Medium,Medium,Medium,"0,36",1278,2258,30%-39%
1kmX485Y283,516,23.76323949,56.69535372,Low,Medium,Low,High,"0,13",68,448,10%-19%
1kmX485Y313,1422,23.76153294,56.96486343,Low,Low,Low,High,"0,85",1205,217,80%-89%
1kmX486Y282,1148,23.77962015,56.68639981,Low,High,Medium,Medium,"0,74",854,294,70%-79%
1kmX486Y283,585,23.77956766,56.69538368,Low,High,Medium,Low,"0,24",143,442,20%-29%
1kmX486Y312,615,23.77803221,56.95591022,Medium,Low,Medium,High,"0,09",57,558,<10%
1kmX486Y313,897,23.77797880,56.96489370,Low,Low,Low,High,"0,31",275,622,30%-39%
1kmX487Y282,688,23.79594446,56.68642762,Low,High,Low,Medium,"0,82",564,124,80%-89%
1kmX487Y283,415,23.79589586,56.69541150,Medium,High,Medium,Low,"0,73",302,113,70%-79%
1kmX487Y314,529,23.79488837,56.97337871,Medium,Medium,Medium,Medium,"0,68",362,167,60%-69%
1kmX488Y278,1154,23.81244738,56.65051760,Medium,Medium,Medium,Medium,"0,36",417,737,30%-39%
1kmX488Y313,2280,23.81087061,56.96494774,Low,Medium,Medium,Medium,"0,19",436,1844,10%-19%
1kmX488Y314,1205,23.81082509,56.97393123,Medium,Medium,Medium,Medium,"0,62",748,457,60%-69%
1kmX489Y313,926,23.82731655,56.96497152,Medium,Medium,Medium,Medium,"0,13",121,805,10%-19%
1kmX489Y314,383,23.82727499,56.97395501,Medium,Medium,High,Medium,"0,82",313,70,80%-89%
1kmX490Y282,312,23.84491755,56.68649821,Medium,High,Medium,Medium,"0,68",213,99,60%-69%
1kmX490Y315,550,23.84410161,56.98263524,Medium,Medium,Medium,Medium,"0,60",331,219,60%-69%
1kmX491Y314,634,23.86017487,56.97399610,Low,Medium,Medium,Medium,"0,28",175,459,20%-29%
1kmX491Y315,2082,23.86014120,56.98297959,Low,Medium,Medium,High,"0,82",1713,369,80%-89%
1kmX492Y315,409,23.87659513,56.98299690,Medium,Medium,Medium,Medium,"0,67",273,136,60%-69%
1kmX493Y314,469,23.89307482,56.97402854,Medium,Medium,Medium,Medium,"0,40",189,280,40%-49%
1kmX493Y316,375,23.89308174,56.99196094,Medium,Medium,High,Medium,"0,12",44,331,10%-19%
1kmX494Y310,1148,23.90961184,56.93810735,Low,High,Medium,Medium,"0,62",708,440,60%-69%
1kmX494Y311,1296,23.90959010,56.94709091,Low,High,Medium,Low,"0,94",1223,73,90%-99%
1kmX494Y312,374,23.90956836,56.95607446,Medium,High,Low,Low,"0,57",214,160,50%-59%
1kmX495Y248,313,23.92712866,56.38111172,Medium,Medium,Medium,Medium,"0,79",248,65,70%-79%
1kmX495Y292,2968,23.92636436,56.77641177,Low,Medium,Medium,Medium,"0,94",2794,174,90%-99%
1kmX495Y293,1769,23.92634676,56.78539557,Low,Medium,Medium,Medium,"0,31",555,1214,30%-39%
1kmX495Y303,470,23.92617022,56.87523284,Medium,High,Medium,Low,"0,84",395,75,80%-89%
1kmX495Y311,459,23.92602825,56.94710171,Medium,High,Medium,Low,"0,10",45,414,<10%
1kmX495Y316,476,23.92593918,56.99201934,Medium,Medium,Low,High,"0,23",110,366,20%-29%
1kmX496Y293,5278,23.94271414,56.78540416,Low,Medium,Medium,Medium,"0,77",4051,1227,70%-79%
1kmX496Y294,1119,23.94270044,56.79438795,Medium,Medium,Medium,Medium,"0,63",704,415,60%-69%
1kmX496Y303,488,23.94257683,56.87524145,Medium,High,Low,Medium,"0,02",9,479,<10%
1kmX496Y304,1645,23.94256305,56.88422511,Medium,High,Medium,Low,"0,60",979,666,50%-59%
1kmX496Y308,799,23.94250788,56.92015961,Medium,Medium,Medium,Medium,"0,22",175,624,20%-29%
1kmX496Y312,778,23.94245257,56.95609391,Medium,High,Low,Medium,"0,05",37,741,<10%
1kmX497Y269,476,23.95931460,56.56979572,Medium,Medium,Medium,Medium,"0,32",152,324,30%-39%
1kmX497Y308,347,23.95893419,56.92016609,Low,High,Medium,Medium,"0,31",109,238,30%-39%
1kmX497Y312,534,23.95889468,56.95610039,Low,High,Low,Medium,"0,52",280,254,50%-59%
1kmX497Y313,371,23.95888479,56.96508393,Medium,Medium,Medium,Medium,"0,24",90,281,20%-29%
1kmX498Y295,435,23.97543717,56.80338246,Medium,High,Medium,Medium,"0,14",61,374,10%-19%
1kmX498Y312,363,23.97533681,56.95610471,Medium,High,Medium,Medium,"0,87",316,47,80%-89%
1kmX499Y294,801,23.99181435,56.79440083,Low,Medium,Medium,Medium,"0,73",582,219,70%-79%
1kmX499Y295,1049,23.99181239,56.80338461,Medium,Medium,Medium,Medium,"0,91",957,92,90%-99%
1kmX499Y311,354,23.99178091,56.94712331,Medium,Low,Low,High,"0,28",98,256,20%-29%
1kmX499Y312,3202,23.99177894,56.95610687,Low,Medium,Low,High,"0,47",1509,1693,40%-49%
1kmX500Y253,393,24.00810636,56.42605464,Low,Medium,Medium,Medium,"0,43",168,225,40%-49%
1kmX500Y307,446,24.00821119,56.91118895,Low,High,Medium,Low,"0,93",415,31,90%-99%
1kmX500Y310,1139,24.00821711,56.93813974,Medium,High,Medium,Low,"0,78",886,253,70%-79%
1kmX500Y311,9929,24.00821909,56.94712331,Low,Medium,Medium,Medium,"0,16",1636,8293,10%-19%
1kmX500Y312,9237,24.00822106,56.95610687,Low,Medium,Medium,Medium,"0,12",1127,8110,10%-19%
1kmX500Y313,13510,24.00822304,56.96509042,Low,Medium,Low,High,"0,64",8616,4894,60%-69%
1kmX501Y305,622,24.02462175,56.89321953,Low,High,Medium,Low,"0,67",415,207,60%-69%
1kmX501Y307,408,24.02463357,56.91118679,High,High,Medium,Low,"0,37",149,259,30%-39%
1kmX501Y308,1041,24.02463949,56.92017040,Medium,High,Medium,Low,"0,36",375,666,30%-39%
1kmX501Y309,603,24.02464541,56.92915400,Medium,Medium,Medium,Medium,"0,26",156,447,20%-29%
1kmX501Y310,1572,24.02465133,56.93813758,Medium,High,Medium,Medium,"0,34",530,1042,30%-39%
1kmX501Y311,6916,24.02465726,56.94712115,Low,Medium,Medium,Medium,"0,38",2602,4314,30%-39%
1kmX501Y312,5476,24.02466319,56.95610471,Low,Medium,Medium,High,"0,84",4610,866,80%-89%
1kmX501Y313,8778,24.02466913,56.96508826,Low,Medium,Low,High,"0,72",6341,2437,70%-79%
1kmX501Y321,6818,24.02471673,57.03695614,Low,Medium,Medium,Medium,"0,12",840,5978,10%-19%
1kmX501Y322,549,24.02472269,57.04593957,Medium,Medium,Medium,Medium,"0,68",371,178,60%-69%
1kmX502Y300,339,24.04098707,56.84829686,Medium,Medium,Medium,Low,"0,54",183,156,50%-59%
1kmX502Y304,368,24.04102640,56.88423158,Medium,High,Low,Low,"0,69",255,113,60%-69%
1kmX502Y305,1215,24.04103624,56.89321522,Medium,High,Medium,Low,"0,75",909,306,70%-79%
1kmX502Y306,702,24.04104609,56.90219886,Medium,High,Medium,Low,"0,95",669,33,90%-99%
1kmX502Y307,974,24.04105595,56.91118248,Medium,High,Medium,Low,"0,10",102,872,10%-19%
1kmX502Y308,1515,24.04106581,56.92016609,Medium,High,Medium,Medium,"0,46",697,818,40%-49%
1kmX502Y309,561,24.04107568,56.92914968,Medium,Medium,Medium,Medium,"0,85",478,83,80%-89%
1kmX502Y310,6400,24.04108555,56.93813326,Low,Medium,Medium,Medium,"0,50",3219,3181,50%-59%
1kmX502Y311,1792,24.04109543,56.94711683,Low,Medium,Medium,Medium,"0,18",314,1478,10%-19%
1kmX502Y312,4561,24.04110532,56.95610039,Low,Medium,Medium,High,"0,94",4300,261,90%-99%
1kmX502Y313,3890,24.04111521,56.96508393,Low,Medium,Medium,Medium,"0,51",1988,1902,50%-59%
1kmX502Y320,4121,24.04118460,57.02796837,Low,Medium,Medium,Medium,"0,03",141,3980,<10%
1kmX502Y321,1487,24.04119454,57.03695181,Medium,Medium,Medium,Medium,"0,54",803,684,50%-59%
1kmX502Y322,571,24.04120448,57.04593524,Medium,Medium,Medium,Medium,"0,94",537,34,90%-99%
1kmX503Y255,332,24.05677129,56.44401054,Medium,Medium,Medium,High,"0,88",292,40,80%-89%
1kmX503Y301,541,24.05739564,56.85727410,Medium,Medium,Medium,Medium,"0,33",176,365,30%-39%
1kmX503Y304,2239,24.05743695,56.88422511,Medium,High,Low,Low,"0,22",500,1739,20%-29%
1kmX503Y305,1433,24.05745073,56.89320876,Medium,High,Medium,Low,"0,40",572,861,30%-39%
1kmX503Y306,1141,24.05746452,56.90219239,Medium,High,Medium,Low,"0,14",165,976,10%-19%
1kmX503Y307,1300,24.05747832,56.91117601,Low,High,Medium,Medium,"0,93",1204,96,90%-99%
1kmX503Y308,1441,24.05749212,56.92015961,Medium,Medium,Medium,Medium,"0,39",564,877,30%-39%
1kmX503Y309,1403,24.05750594,56.92914321,Medium,Medium,Medium,Medium,"0,81",1139,264,80%-89%
1kmX503Y310,4427,24.05751976,56.93812679,Low,Medium,Medium,Medium,"0,45",1974,2453,40%-49%
1kmX503Y311,8653,24.05753359,56.94711035,Low,Medium,Low,High,"0,52",4477,4176,50%-59%
1kmX503Y312,5519,24.05754743,56.95609391,Low,Medium,Medium,High,"0,24",1349,4170,20%-29%
1kmX503Y313,11264,24.05756128,56.96507745,Low,Medium,Medium,High,"0,81",9152,2112,80%-89%
1kmX503Y314,5084,24.05757514,56.97406097,Low,Medium,Medium,Medium,"0,67",3408,1676,60%-69%
1kmX503Y320,4511,24.05765844,57.02796187,Low,Medium,Medium,Medium,"0,90",4049,462,80%-89%
1kmX503Y321,2746,24.05767235,57.03694531,Low,Medium,Medium,Medium,"0,67",1849,897,60%-69%
1kmX503Y323,322,24.05770020,57.05491214,Medium,Medium,Medium,Medium,"0,90",289,33,80%-89%
1kmX504Y301,360,24.07379439,56.85726549,High,Medium,High,Medium,"0,04",16,344,<10%
1kmX504Y304,531,24.07384749,56.88421649,Low,Medium,Medium,Medium,"0,33",177,354,30%-39%
1kmX504Y305,448,24.07386521,56.89320013,Medium,High,Medium,Medium,"0,17",78,370,10%-19%
1kmX504Y306,1199,24.07388294,56.90218376,Medium,High,Medium,Low,"0,96",1154,45,90%-99%
1kmX504Y307,1964,24.07390068,56.91116738,Medium,Medium,High,Low,"0,90",1763,201,80%-89%
1kmX504Y308,2301,24.07391843,56.92015098,Medium,High,Medium,Medium,"0,74",1713,588,70%-79%
1kmX504Y309,4098,24.07393619,56.92913457,Low,Medium,Medium,Medium,"0,34",1381,2717,30%-39%
1kmX504Y310,7453,24.07395397,56.93811815,Low,Medium,Medium,Medium,"0,55",4099,3354,50%-59%
1kmX504Y311,4931,24.07397175,56.94710171,Low,Medium,Medium,Medium,"0,01",29,4902,<10%
1kmX504Y312,2097,24.07398954,56.95608526,Low,Medium,Medium,Medium,"0,59",1232,865,50%-59%
1kmX504Y313,2817,24.07400735,56.96506880,Low,Medium,Medium,Medium,"0,50",1399,1418,40%-49%
1kmX504Y314,1844,24.07402516,56.97405232,Low,Medium,Medium,High,"0,20",374,1470,20%-29%
1kmX504Y323,838,24.07418595,57.05490347,Medium,Medium,Medium,Medium,"0,55",464,374,50%-59%
1kmX505Y301,375,24.09019312,56.85725472,Medium,High,Medium,Low,"0,76",285,90,70%-79%
1kmX505Y306,14774,24.09030135,56.90217298,Low,Medium,Medium,Medium,"0,03",389,14385,<10%
1kmX505Y307,3678,24.09032303,56.91115659,Low,Medium,Medium,Medium,"0,21",784,2894,20%-29%
1kmX505Y308,5058,24.09034473,56.92014019,Low,Medium,Medium,Medium,"0,10",522,4536,10%-19%
1kmX505Y309,2910,24.09036644,56.92912378,Medium,Medium,Medium,Medium,"0,41",1198,1712,40%-49%
1kmX505Y310,1450,24.09038816,56.93810735,Low,Medium,Medium,Medium,"0,20",294,1156,20%-29%
1kmX505Y311,1360,24.09040990,56.94709091,Medium,Medium,Medium,Medium,"0,54",728,632,50%-59%
1kmX505Y312,347,24.09043164,56.95607446,Medium,High,Medium,Low,"0,28",97,250,20%-29%
1kmX505Y313,409,24.09045340,56.96505799,Low,Medium,Medium,Medium,"0,73",299,110,70%-79%
1kmX505Y320,651,24.09060608,57.02794237,Low,Medium,Medium,Medium,"0,35",231,420,30%-39%
1kmX505Y321,6607,24.09062794,57.03692580,Low,Medium,Medium,High,"0,19",1255,5352,10%-19%
1kmX505Y322,468,24.09064981,57.04590921,Low,Medium,Medium,Medium,"0,36",169,299,30%-39%
1kmX505Y325,428,24.09093753,57.07270931,Medium,Medium,Medium,Medium,"0,65",277,151,60%-69%
1kmX506Y306,4763,24.10671975,56.90216004,Low,Medium,Medium,Medium,"0,54",2588,2175,50%-59%
1kmX506Y307,4107,24.10674537,56.91114365,Low,Medium,Medium,Medium,"0,61",2525,1582,60%-69%
1kmX506Y308,1425,24.10677101,56.92012724,Low,Medium,Medium,Medium,"0,24",342,1083,20%-29%
1kmX506Y309,308,24.10679667,56.92911082,Medium,Medium,Medium,Medium,"0,99",304,4,90%-99%
1kmX506Y311,1851,24.10684803,56.94707795,Medium,High,Medium,Low,"0,90",1671,180,90%-99%
1kmX506Y312,4818,24.10687373,56.95606149,Medium,High,Medium,Low,"0,39",1897,2921,30%-39%
1kmX506Y313,3404,24.10689945,56.96504502,Medium,Medium,Medium,Medium,"0,04",147,3257,<10%
1kmX506Y314,3305,24.10692518,56.97402854,Low,Medium,Medium,Medium,"0,90",2958,347,80%-89%
1kmX506Y317,358,24.10700246,57.00097901,Medium,Medium,Medium,Medium,"0,01",5,353,<10%
1kmX506Y320,8506,24.10707988,57.02792937,Low,Medium,Medium,Medium,"0,02",186,8320,<10%
1kmX506Y321,4828,24.10710572,57.03691279,Low,Medium,Medium,Medium,"0,54",2623,2205,50%-59%
1kmX506Y323,378,24.10715744,57.05487960,Medium,Medium,Medium,Medium,"0,18",67,311,10%-19%
1kmX506Y324,453,24.10718332,57.06386299,Low,Medium,Medium,Medium,"0,03",13,440,<10%
1kmX506Y325,674,24.10720921,57.07284637,Medium,Medium,Low,High,"0,04",27,647,<10%
1kmX507Y303,2619,24.12304953,56.87519406,Medium,High,Medium,Low,"0,51",1339,1280,50%-59%
1kmX507Y306,366,24.12313813,56.90214494,Medium,High,Medium,Low,"0,81",298,68,80%-89%
1kmX507Y307,1278,24.12316770,56.91112854,Low,High,Medium,Low,"0,29",366,912,20%-29%
1kmX507Y310,2526,24.12325651,56.93807928,Medium,Medium,High,Medium,"0,89",2251,275,80%-89%
1kmX507Y311,4442,24.12328615,56.94706283,Medium,Medium,Medium,Medium,"0,18",786,3656,10%-19%
1kmX507Y312,10659,24.12331580,56.95604636,Medium,Medium,Medium,Medium,"0,31",3287,7372,30%-39%
1kmX507Y313,5644,24.12334547,56.96502989,Low,Medium,Medium,Medium,"0,01",77,5567,<10%
1kmX507Y314,2039,24.12337516,56.97401340,Low,High,Medium,Medium,"0,36",726,1313,30%-39%
1kmX507Y316,3559,24.12343460,56.99198038,Low,Medium,Medium,Medium,"0,68",2412,1147,60%-69%
1kmX507Y317,8932,24.12346434,57.00096386,Low,Medium,Medium,Medium,"0,27",2375,6557,20%-29%
1kmX507Y318,2364,24.12349410,57.00994732,Low,Medium,Medium,Medium,"0,74",1754,610,70%-79%
1kmX507Y319,986,24.12352387,57.01893076,Low,Medium,Medium,Medium,"0,76",747,239,70%-79%
1kmX507Y321,444,24.12358348,57.03689762,Medium,Medium,Medium,Medium,"0,10",45,399,10%-19%
1kmX508Y302,401,24.13942264,56.86619317,Medium,High,Medium,Low,"0,01",3,398,<10%
1kmX508Y303,577,24.13945608,56.87517682,Medium,High,Medium,Low,"0,88",505,72,80%-89%
1kmX508Y304,727,24.13948953,56.88416046,Medium,High,Medium,Low,"0,96",695,32,90%-99%
1kmX508Y305,375,24.13952300,56.89314408,Medium,Medium,Medium,Medium,"0,32",120,255,30%-39%
1kmX508Y306,1817,24.13955649,56.90212769,Low,Medium,Medium,Medium,"0,92",1665,152,90%-99%
1kmX508Y307,600,24.13959001,56.91111129,Medium,Medium,Medium,Medium,"0,46",276,324,40%-49%
1kmX508Y310,3681,24.13969066,56.93806200,Medium,Medium,Medium,Medium,"0,00",15,3666,<10%
1kmX508Y311,8106,24.13972425,56.94704554,Medium,Medium,Medium,Medium,"0,18",1422,6684,10%-19%
1kmX508Y312,14511,24.13975786,56.95602908,Low,Medium,Medium,Medium,"0,51",7407,7104,50%-59%
1kmX508Y313,9840,24.13979148,56.96501259,Low,Medium,Medium,Medium,"0,12",1164,8676,10%-19%
1kmX508Y314,7011,24.13982513,56.97399610,Low,Medium,Medium,Medium,"0,43",2998,4013,40%-49%
1kmX508Y315,826,24.13985880,56.98297959,High,Low,High,Medium,"0,66",547,279,60%-69%
1kmX508Y316,1139,24.13989249,56.99196307,Low,Medium,Medium,Medium,"0,71",814,325,70%-79%
1kmX508Y317,320,24.13992620,57.00094654,Medium,High,Medium,Medium,"0,60",191,129,50%-59%
1kmX508Y319,2467,24.13999367,57.01891343,Low,Medium,Medium,Medium,"0,17",414,2053,10%-19%
1kmX508Y320,327,24.14002744,57.02789686,Low,Medium,Medium,Medium,"0,63",205,122,60%-69%
1kmX508Y323,311,24.14012885,57.05484707,Medium,High,Medium,Medium,"0,42",131,180,40%-49%
1kmX509Y303,1503,24.15586261,56.87515743,Medium,High,Medium,Low,"0,39",586,917,30%-39%
1kmX509Y304,969,24.15590000,56.88414106,Medium,High,Medium,Medium,"0,99",962,7,90%-99%
1kmX509Y306,1173,24.15597484,56.90210828,Medium,Medium,Medium,Medium,"0,13",149,1024,10%-19%
1kmX509Y309,1966,24.15608727,56.92905901,Low,Medium,Medium,High,"0,26",510,1456,20%-29%
1kmX509Y310,5610,24.15612479,56.93804256,Low,Medium,Medium,High,"0,74",4178,1432,70%-79%
1kmX509Y311,2231,24.15616233,56.94702610,High,Low,High,Low,"0,58",1295,936,50%-59%
1kmX509Y312,5205,24.15619989,56.95600963,Low,Medium,Medium,Medium,"0,51",2649,2556,50%-59%
1kmX509Y313,4068,24.15623748,56.96499314,Low,Medium,Medium,Medium,"0,13",543,3525,10%-19%
1kmX509Y314,651,24.15627508,56.97397664,Medium,Medium,Medium,Medium,"0,28",182,469,20%-29%
1kmX509Y315,1012,24.15631271,56.98296012,Medium,Medium,Medium,Medium,"0,29",289,723,20%-29%
1kmX509Y316,505,24.15635036,56.99194360,Medium,Medium,Medium,Medium,"0,74",375,130,70%-79%
1kmX509Y317,1422,24.15638804,57.00092706,Medium,High,Medium,Medium,"0,84",1193,229,80%-89%
1kmX509Y326,310,24.15672808,57.08177761,Medium,Medium,Medium,Medium,"0,30",94,216,30%-39%
1kmX510Y248,1137,24.17003279,56.38101657,Medium,Medium,Medium,Medium,"0,28",315,822,20%-29%
1kmX510Y303,420,24.17226912,56.87513589,Medium,High,Medium,Low,"0,58",242,178,50%-59%
1kmX510Y304,461,24.17231044,56.88411951,Medium,High,Medium,Low,"0,21",95,366,20%-29%
1kmX510Y305,592,24.17235179,56.89310312,Medium,High,Medium,Low,"0,33",193,399,30%-39%
1kmX510Y307,7708,24.17243456,56.91107030,Low,Medium,Medium,High,"0,90",6921,787,80%-89%
1kmX510Y308,7925,24.17247598,56.92005387,Low,Medium,Medium,High,"0,46",3639,4286,40%-49%
1kmX510Y309,8697,24.17251743,56.92903742,Medium,Medium,Medium,High,"0,67",5839,2858,60%-69%
1kmX510Y310,718,24.17255889,56.93802097,Low,Medium,Medium,Medium,"0,74",528,190,70%-79%
1kmX510Y311,7135,24.17260039,56.94700450,Low,Medium,Medium,Medium,"0,92",6595,540,90%-99%
1kmX510Y312,12516,24.17264190,56.95598802,Low,Medium,Medium,High,"0,07",818,11698,<10%
1kmX510Y313,11297,24.17268345,56.96497152,Low,Medium,Medium,High,"0,09",1010,10287,<10%
1kmX510Y314,8360,24.17272501,56.97395501,Low,Medium,Medium,Medium,"0,93",7760,600,90%-99%
1kmX510Y315,6844,24.17276660,56.98293849,Low,Medium,Medium,Medium,"0,11",736,6108,10%-19%
1kmX510Y316,1758,24.17280821,56.99192196,Medium,Medium,Medium,Medium,"0,74",1301,457,70%-79%
1kmX510Y317,993,24.17284985,57.00090541,Medium,High,Low,Medium,"0,69",683,310,60%-69%
1kmX510Y322,1568,24.17305841,57.04582248,Medium,Medium,Medium,Medium,"0,44",684,884,40%-49%
1kmX511Y250,942,24.18631400,56.39896196,Medium,Medium,Medium,Medium,"0,52",494,448,50%-59%
1kmX511Y251,2638,24.18635790,56.40794627,Low,Medium,Medium,Medium,"0,45",1174,1464,40%-49%
1kmX511Y252,427,24.18640181,56.41693056,Medium,Medium,Medium,Medium,"0,68",290,137,60%-69%
1kmX511Y272,1639,24.18728551,56.59661369,Low,Medium,Medium,Medium,"0,10",157,1482,<10%
1kmX511Y306,1915,24.18881146,56.90206299,Low,Medium,Medium,High,"0,31",586,1329,30%-39%
1kmX511Y307,11496,24.18885680,56.91104657,Low,Medium,Medium,High,"0,61",7001,4495,60%-69%
1kmX511Y308,3704,24.18890217,56.92003013,Low,Medium,Medium,High,"0,21",789,2915,20%-29%
1kmX511Y309,1214,24.18894756,56.92901368,Low,Medium,Medium,Medium,"0,18",218,996,10%-19%
1kmX511Y310,6165,24.18899298,56.93799721,Low,Medium,Medium,Medium,"0,83",5123,1042,80%-89%
1kmX511Y311,8394,24.18903842,56.94698074,Low,Medium,Medium,Medium,"0,29",2416,5978,20%-29%
1kmX511Y312,12026,24.18908389,56.95596425,Low,Medium,Medium,Medium,"0,40",4854,7172,40%-49%
1kmX511Y313,10355,24.18912939,56.96494774,Low,Medium,Medium,High,"0,21",2135,8220,20%-29%
1kmX511Y314,3722,24.18917491,56.97393123,Low,High,Medium,Medium,"0,67",2512,1210,60%-69%
1kmX511Y315,4753,24.18922047,56.98291470,Low,Medium,Medium,Medium,"0,09",435,4318,<10%
1kmX511Y316,731,24.18926604,56.99189815,Medium,Medium,Medium,Medium,"0,96",703,28,90%-99%
1kmX512Y250,558,24.20251511,56.39893657,High,High,Medium,Medium,"0,83",465,93,80%-89%
1kmX512Y251,4303,24.20256282,56.40792087,Low,Medium,Medium,Medium,"0,59",2544,1759,50%-59%
1kmX512Y252,792,24.20261056,56.41690515,Medium,Medium,Medium,Medium,"0,93",735,57,90%-99%
1kmX512Y271,635,24.20352281,56.58760408,Medium,Medium,Medium,Medium,"0,03",16,619,<10%
1kmX512Y272,1579,24.20357110,56.59658811,Medium,Medium,Medium,Medium,"0,69",1091,488,60%-69%
1kmX512Y306,11232,24.20522974,56.90203711,Low,Medium,Medium,Medium,"0,68",7665,3567,60%-69%
1kmX512Y307,2901,24.20527902,56.91102068,Low,Medium,Medium,Medium,"0,66",1907,994,60%-69%
1kmX512Y309,2540,24.20537767,56.92898777,Low,Medium,Medium,Medium,"0,52",1331,1209,50%-59%
1kmX512Y310,20667,24.20542703,56.93797130,Low,Medium,Medium,Medium,"0,74",15262,5405,70%-79%
1kmX512Y311,7632,24.20547643,56.94695481,Low,Medium,Medium,Medium,"0,74",5630,2002,70%-79%
1kmX512Y312,10803,24.20552586,56.95593831,Low,Medium,Low,High,"0,88",9503,1300,80%-89%
1kmX512Y315,1048,24.20567430,56.98288874,Low,Medium,Medium,Medium,"0,85",893,155,80%-89%
1kmX512Y319,307,24.20587264,57.01882245,Medium,Low,High,Medium,"0,82",253,54,80%-89%
1kmX512Y328,347,24.20632059,57.09967256,Medium,Low,High,Medium,"0,87",301,46,80%-89%
1kmX512Y329,349,24.20637051,57.10865584,High,Low,Medium,Medium,"0,05",17,332,<10%
1kmX513Y272,736,24.21985665,56.59656039,Medium,Medium,Medium,Medium,"0,91",669,67,90%-99%
1kmX513Y298,422,24.22122331,56.83014016,Medium,High,Low,Medium,"0,89",376,46,80%-89%
1kmX513Y299,834,24.22127628,56.83912382,Medium,High,Medium,Medium,"0,17",141,693,10%-19%
1kmX513Y305,758,24.22159479,56.89302551,Low,Medium,Medium,Medium,"0,03",24,734,<10%
1kmX513Y306,2340,24.22164798,56.90200908,Low,Medium,Medium,Medium,"0,44",1021,1319,40%-49%
1kmX513Y307,347,24.22170120,56.91099263,Medium,Medium,High,Medium,"0,84",290,57,80%-89%
1kmX513Y310,5772,24.22186106,56.93794322,Low,Medium,Medium,Medium,"0,36",2050,3722,30%-39%
1kmX513Y311,7688,24.22191441,56.94692673,Low,Medium,Medium,Medium,"0,49",3757,3931,40%-49%
1kmX513Y314,1429,24.22207464,56.97387716,Low,Medium,Low,High,"0,23",331,1098,20%-29%
1kmX513Y315,2204,24.22212811,56.98286062,Low,Medium,Medium,High,"0,30",659,1545,20%-29%
1kmX513Y316,2954,24.22218162,56.99184405,Low,Medium,Medium,Medium,"0,99",2922,32,90%-99%
1kmX514Y297,2724,24.23755320,56.82112638,Low,Medium,Low,Medium,"0,39",1061,1663,30%-39%
1kmX514Y298,1221,24.23761006,56.83011005,Low,High,Medium,Medium,"0,58",712,509,50%-59%
1kmX514Y310,437,24.23829506,56.93791299,Medium,Medium,High,Low,"0,55",239,198,50%-59%
1kmX514Y311,3239,24.23835236,56.94689649,Low,Medium,Medium,Medium,"0,34",1092,2147,30%-39%
1kmX514Y312,3366,24.23840969,56.95587997,Medium,High,Medium,Low,"0,75",2540,826,70%-79%
1kmX514Y313,7031,24.23846706,56.96486343,Low,Medium,Low,High,"0,24",1703,5328,20%-29%
1kmX514Y314,4975,24.23852446,56.97384689,Low,Medium,Low,High,"0,43",2152,2823,40%-49%
1kmX514Y315,4511,24.23858189,56.98283033,Low,Medium,Medium,Medium,"0,11",483,4028,10%-19%
1kmX514Y316,5329,24.23863936,56.99181376,Low,Medium,Medium,High,"0,90",4795,534,80%-89%
1kmX515Y241,760,24.25058736,56.31798869,Medium,Medium,Medium,Medium,"0,88",670,90,80%-89%
1kmX515Y297,659,24.25393600,56.82109413,Medium,High,Low,Medium,"0,21",137,522,20%-29%
1kmX515Y302,510,24.25424030,56.86601227,Medium,Medium,Medium,Medium,"0,46",233,277,40%-49%
1kmX515Y303,310,24.25430126,56.87499585,Medium,Medium,Medium,Medium,"0,95",296,14,90%-99%
1kmX515Y309,658,24.25466781,56.92889710,Medium,High,Medium,Low,"0,38",252,406,30%-39%
1kmX515Y311,462,24.25479027,56.94686408,Medium,High,Medium,Low,"0,60",279,183,60%-69%
1kmX515Y312,1033,24.25485156,56.95584755,Medium,High,Low,Low,"0,40",413,620,30%-39%
1kmX515Y314,3145,24.25497424,56.97381445,Low,Medium,Medium,Medium,"0,03",100,3045,<10%
1kmX515Y315,4053,24.25503563,56.98279788,Low,Medium,Low,High,"0,79",3208,845,70%-79%
1kmX516Y302,1391,24.27064270,56.86597781,Medium,Medium,Medium,Medium,"0,62",866,525,60%-69%
1kmX516Y308,562,24.27103266,56.91987906,Medium,Medium,High,Medium,"0,64",358,204,60%-69%
1kmX516Y311,310,24.27122815,56.94682952,Medium,High,Medium,Low,"0,24",73,237,20%-29%
1kmX516Y314,574,24.27142399,56.97377985,Medium,Medium,Medium,Medium,"0,49",282,292,40%-49%
1kmX516Y317,1182,24.27162017,57.00073007,Medium,Medium,Medium,Medium,"0,05",64,1118,<10%
1kmX516Y318,349,24.27168564,57.00971345,Medium,High,Medium,Medium,"0,72",251,98,70%-79%
1kmX516Y319,419,24.27175114,57.01869682,Medium,Medium,High,Low,"0,90",377,42,80%-89%
1kmX516Y331,1343,24.27254023,57.12649620,Medium,Medium,Low,High,"0,18",237,1106,10%-19%
1kmX516Y332,606,24.27260623,57.13547940,Medium,Medium,Medium,Medium,"0,37",225,381,30%-39%
1kmX517Y301,413,24.28697626,56.85695762,Medium,Medium,Medium,Medium,"0,28",117,296,20%-29%
1kmX517Y310,1788,24.28759684,56.93780933,Low,Medium,Medium,Medium,"0,12",212,1576,10%-19%
1kmX517Y312,906,24.28773519,56.95577624,Low,Medium,Medium,Medium,"0,51",464,442,50%-59%
1kmX517Y316,506,24.28801237,56.99170989,Medium,High,Medium,Medium,"0,14",69,437,10%-19%
1kmX517Y331,1289,24.28905758,57.12645923,Medium,Medium,Medium,Medium,"0,96",1232,57,90%-99%
1kmX517Y333,399,24.28919764,57.14442558,High,Low,High,Medium,"0,45",180,219,40%-49%
1kmX518Y309,567,24.30395763,56.92878700,Medium,High,Medium,Low,"0,04",25,542,<10%
1kmX518Y313,436,24.30425013,56.96472076,Low,Medium,Medium,Medium,"0,76",333,103,70%-79%
1kmX518Y315,1288,24.30439664,56.98268756,Medium,Low,Medium,Medium,"0,42",547,741,40%-49%
1kmX518Y316,750,24.30446996,56.99167094,Medium,Medium,Medium,Medium,"0,41",305,445,40%-49%
1kmX518Y331,434,24.30557490,57.12642008,Medium,Medium,Medium,Medium,"0,36",157,277,30%-39%
1kmX519Y301,680,24.31977300,56.85687796,Low,Medium,Medium,Medium,"0,55",373,307,50%-59%
1kmX519Y325,720,24.32162508,57.07247953,Low,High,Medium,Medium,"0,12",86,634,10%-19%
1kmX519Y326,2450,24.32170282,57.08146277,Low,High,Medium,Medium,"0,95",2335,115,90%-99%
1kmX520Y300,1611,24.33609077,56.84785136,Low,Medium,Medium,Medium,"0,25",407,1204,20%-29%
1kmX520Y301,8160,24.33617131,56.85683490,Medium,High,Medium,Medium,"0,43",3478,4682,40%-49%
1kmX520Y302,901,24.33625189,56.86581844,Medium,High,Medium,Low,"0,47",422,479,40%-49%
1kmX520Y303,509,24.33633252,56.87480196,Medium,High,Medium,Low,"0,37",186,323,30%-39%
1kmX520Y315,440,24.33730377,56.98260319,Medium,Medium,Medium,Low,"0,70",309,131,70%-79%
1kmX520Y318,422,24.33754765,57.00955321,Medium,High,Medium,Medium,"0,74",311,111,70%-79%
1kmX520Y325,723,24.33811836,57.07243612,Medium,High,Medium,Low,"0,52",378,345,50%-59%
1kmX521Y301,1526,24.35256956,56.85678969,Medium,Medium,Medium,Medium,"0,11",167,1359,10%-19%
1kmX521Y302,629,24.35265408,56.86577321,Medium,Medium,Medium,Medium,"0,65",407,222,60%-69%
1kmX521Y308,942,24.35316220,56.91967405,Low,Medium,Medium,Medium,"0,96",909,33,90%-99%
1kmX521Y311,334,24.35341693,56.94662429,Low,Medium,Low,Medium,"0,86",286,48,80%-89%
1kmX521Y325,1726,24.35461159,57.07239054,Medium,High,Low,Low,"0,52",896,830,50%-59%
1kmX521Y327,935,24.35478305,57.09035694,Medium,High,Medium,Low,"0,28",265,670,20%-29%
1kmX521Y401,1127,24.36127112,57.75507708,Low,Medium,Low,High,"0,64",722,405,60%-69%
1kmX521Y413,448,24.36235029,57.86286285,Medium,Medium,Medium,Medium,"0,46",208,240,40%-49%
1kmX522Y301,2064,24.36896777,56.85674233,Medium,Medium,Medium,Medium,"0,35",722,1342,30%-39%
1kmX522Y302,1055,24.36905621,56.86572583,Low,Medium,Low,High,"0,79",832,223,70%-79%
1kmX522Y308,582,24.36958797,56.91962657,Medium,High,Medium,Low,"0,99",577,5,90%-99%
1kmX522Y314,321,24.37012159,56.97352685,Medium,Medium,High,Low,"0,21",66,255,20%-29%
1kmX522Y327,668,24.37128420,57.09030915,Low,High,Medium,Medium,"0,52",348,320,50%-59%
1kmX522Y395,330,24.37751236,57.70113458,Medium,Medium,High,Low,"0,59",194,136,50%-59%
1kmX523Y288,1141,24.38416990,56.73990630,Medium,Medium,Medium,Medium,"0,71",805,336,70%-79%
1kmX523Y301,355,24.38536592,56.85669281,Medium,High,Medium,Medium,"0,72",255,100,70%-79%
1kmX523Y308,1175,24.38601369,56.91957694,Low,High,Low,Medium,"0,90",1060,115,90%-99%
1kmX523Y312,589,24.38638503,56.95551044,Medium,Medium,High,Low,"0,76",449,140,70%-79%
1kmX524Y271,674,24.39890065,56.58713099,Medium,High,Medium,Medium,"0,77",518,156,70%-79%
1kmX524Y288,929,24.40051711,56.73985486,Low,High,Low,Medium,"0,50",460,469,40%-49%
1kmX524Y289,429,24.40061270,56.74883850,Low,Medium,Medium,Low,"0,81",348,81,80%-89%
1kmX524Y344,373,24.40688700,57.24261496,Medium,Medium,Medium,High,"0,47",176,197,40%-49%
1kmX524Y351,304,24.41203718,57.30566226,Medium,Medium,Low,High,"0,39",118,186,30%-39%
1kmX525Y297,364,24.41776170,56.82065339,Low,High,Medium,Medium,"0,18",66,298,10%-19%
1kmX525Y322,817,24.42027938,57.04523702,Medium,Medium,Medium,Medium,"0,78",640,177,70%-79%
1kmX525Y345,360,24.42262834,57.25184673,Medium,Medium,Low,High,"0,13",48,312,10%-19%
1kmX525Y346,590,24.42273119,57.26082961,Low,Medium,Medium,High,"0,20",118,472,20%-29%
1kmX525Y347,477,24.42283410,57.26981247,Low,Medium,Low,High,"0,41",197,280,40%-49%
1kmX525Y348,465,24.42293707,57.27879531,Medium,Medium,Low,High,"0,48",223,242,40%-49%
1kmX525Y352,509,24.42334956,57.31472658,Low,Medium,Medium,Medium,"0,72",366,143,70%-79%
1kmX526Y300,1032,24.43445595,56.84754791,Medium,Medium,Medium,Medium,"0,39",399,633,30%-39%
1kmX526Y313,969,24.43581409,56.96433165,Medium,Medium,High,Low,"0,81",787,182,80%-89%
1kmX526Y322,396,24.43676039,57.04518064,Medium,High,Medium,Low,"0,55",217,179,50%-59%
1kmX529Y298,333,24.48340618,56.82940032,Medium,High,Medium,Low,"0,56",185,148,50%-59%
1kmX529Y299,925,24.48352193,56.83838373,Medium,High,Medium,Low,"0,65",600,325,60%-69%
1kmX529Y314,649,24.48526640,56.97313328,Low,Medium,Medium,Medium,"0,13",86,563,10%-19%
1kmX530Y297,395,24.49967252,56.82035240,Medium,High,Low,Medium,"0,94",372,23,90%-99%
1kmX530Y298,1221,24.49979213,56.82933580,Medium,High,Low,Medium,"0,98",1197,24,90%-99%
1kmX530Y299,2133,24.49991181,56.83831919,Low,Medium,Medium,Medium,"0,72",1536,597,70%-79%
1kmX530Y300,410,24.50003156,56.84730256,Medium,High,Low,Low,"0,04",18,392,<10%
1kmX531Y273,983,24.51311111,56.60468074,Medium,Medium,Medium,Medium,"0,08",75,908,<10%
1kmX531Y297,323,24.51605448,56.82028576,Medium,High,Medium,Low,"0,24",79,244,20%-29%
1kmX531Y299,583,24.51630162,56.83825250,Medium,High,Medium,Low,"0,48",282,301,40%-49%
1kmX532Y272,387,24.52927396,56.59562882,Medium,Medium,Medium,Medium,"0,40",154,233,30%-39%
1kmX532Y273,337,24.52939958,56.60461250,Low,High,Low,Medium,"0,77",258,79,70%-79%
1kmX532Y327,525,24.53629245,57.08971184,Low,Medium,Medium,Medium,"0,31",164,361,30%-39%
1kmX532Y328,533,24.53642215,57.09869480,Low,Medium,Medium,Medium,"0,56",296,237,50%-59%
1kmX533Y327,1937,24.55279289,57.08964017,Medium,Medium,Medium,Medium,"0,56",1093,844,50%-59%
1kmX533Y328,331,24.55292659,57.09862310,Medium,High,Medium,Medium,"0,67",223,108,60%-69%
1kmX535Y297,1557,24.58158160,56.81999767,Medium,Medium,Medium,Medium,"0,67",1036,521,60%-69%
1kmX535Y346,318,24.58849957,57.26016282,Medium,Medium,Medium,Medium,"0,20",64,254,20%-29%
1kmX536Y296,1731,24.59782013,56.81093701,Low,Medium,Low,High,"0,98",1690,41,90%-99%
1kmX536Y297,8872,24.59796318,56.81992028,Low,Medium,Medium,Medium,"0,20",1801,7071,20%-29%
1kmX536Y298,1743,24.59810632,56.82890353,Low,Medium,Medium,Medium,"0,97",1695,48,90%-99%
1kmX536Y385,426,24.61088527,57.61039599,Low,Medium,Medium,Medium,"0,07",30,396,<10%
1kmX537Y295,1251,24.61405082,56.80187424,Low,Medium,Medium,Medium,"0,71",894,357,70%-79%
1kmX537Y296,1129,24.61419771,56.81085749,Medium,High,Medium,Medium,"0,40",451,678,30%-39%
1kmX537Y297,1406,24.61434468,56.81984073,Low,Medium,Low,High,"0,18",249,1157,10%-19%
1kmX537Y315,339,24.61700485,56.98153677,Medium,Low,Low,High,"0,75",253,86,70%-79%
1kmX538Y295,742,24.63042440,56.80179260,Low,Medium,Low,Medium,"0,63",469,273,60%-69%
1kmX538Y296,937,24.63057521,56.81077583,Medium,Medium,Medium,Medium,"0,26",240,697,20%-29%
1kmX538Y297,740,24.63072610,56.81975904,Medium,Medium,Medium,Medium,"0,23",173,567,20%-29%
1kmX538Y314,739,24.63330470,56.97247160,Medium,High,Medium,Medium,"0,98",727,12,90%-99%
1kmX539Y292,301,24.64633428,56.77475915,Low,Medium,Medium,Medium,"0,31",93,208,30%-39%
1kmX539Y296,914,24.64695261,56.81069201,Medium,Medium,Medium,Medium,"0,46",418,496,40%-49%
1kmX539Y297,1261,24.64710742,56.81967519,Medium,High,Medium,Medium,"0,43",545,716,40%-49%
1kmX540Y297,408,24.66348866,56.81958920,Medium,Medium,Low,High,"0,51",210,198,50%-59%
1kmX541Y328,968,24.68495906,57.09797129,Medium,Medium,Medium,Medium,"0,03",30,938,<10%
1kmX541Y375,421,24.69285350,57.52014378,Medium,Medium,Medium,Medium,"0,70",296,125,70%-79%
1kmX542Y332,469,24.70214210,57.13381062,Medium,Medium,Low,High,"0,08",37,432,<10%
1kmX542Y337,811,24.70299359,57.17872356,Medium,High,Medium,Medium,"0,72",584,227,70%-79%
1kmX542Y374,3761,24.70937296,57.51106899,Low,Medium,Medium,Medium,"0,73",2743,1018,70%-79%
1kmX542Y375,420,24.70954732,57.52005104,Low,Medium,Medium,Medium,"0,95",399,21,90%-99%
1kmX543Y289,566,24.71127072,56.74745346,Medium,Medium,Medium,Medium,"0,49",279,287,40%-49%
1kmX543Y373,355,24.72588423,57.50199204,Low,Medium,Medium,Medium,"0,27",97,258,20%-29%
1kmX543Y374,1936,24.72606258,57.51097408,Low,Medium,Medium,High,"0,87",1682,254,80%-89%
1kmX544Y263,330,24.72313944,56.51379323,Low,High,Medium,Low,"0,56",185,145,50%-59%
1kmX544Y288,316,24.72744671,56.73837599,Medium,Medium,Medium,High,"0,82",258,58,80%-89%
1kmX544Y289,1067,24.72762030,56.74735913,Low,Medium,Medium,Medium,"0,32",346,721,30%-39%
1kmX544Y296,554,24.72883826,56.81024070,Low,High,Medium,Medium,"0,39",214,340,30%-39%
1kmX544Y410,595,24.74939281,57.83422032,Medium,Medium,Medium,Medium,"0,89",532,63,80%-89%
1kmX546Y276,590,24.75796925,56.63038307,Medium,Medium,Medium,Medium,"0,85",503,87,80%-89%
1kmX547Y290,360,24.77685380,56.75604628,Medium,Medium,Medium,Medium,"0,72",258,102,70%-79%
1kmX548Y286,704,24.79245032,56.72001131,Low,Medium,Medium,Medium,"0,84",589,115,80%-89%
1kmX548Y375,432,24.80970799,57.51944828,Medium,Medium,Low,High,"0,80",347,85,80%-89%
1kmX549Y285,386,24.80859493,56.71092336,Medium,Medium,Low,High,"0,34",133,253,30%-39%
1kmX549Y286,1313,24.80878768,56.71990637,Medium,Medium,Medium,Medium,"0,33",438,875,30%-39%
1kmX549Y287,720,24.80898055,56.72888936,Medium,Medium,Medium,Medium,"0,90",649,71,90%-99%
1kmX549Y288,1017,24.80917352,56.73787234,Medium,Medium,Medium,Low,"0,70",714,303,70%-79%
1kmX549Y333,349,24.81797469,57.14209245,Medium,High,Medium,Low,"0,02",6,343,<10%
1kmX550Y285,358,24.82492828,56.71081631,Medium,Medium,Medium,Medium,"0,43",154,204,40%-49%
1kmX550Y286,404,24.82512493,56.71979928,Medium,Medium,Medium,Medium,"0,86",347,57,80%-89%
1kmX550Y333,503,24.83449746,57.14198364,Medium,High,Medium,Medium,"0,47",234,269,40%-49%
1kmX551Y285,503,24.84126152,56.71070712,Low,Medium,Medium,Medium,"0,24",121,382,20%-29%
1kmX551Y324,582,24.84916950,57.06103147,Medium,Medium,Medium,Low,"0,93",542,40,90%-99%
1kmX551Y333,885,24.85102011,57.14187265,Medium,High,Medium,Medium,"0,76",674,211,70%-79%
1kmX551Y334,1783,24.85122634,57.15085493,Low,Medium,Medium,Medium,"0,27",485,1298,20%-29%
1kmX551Y335,2510,24.85143268,57.15983720,Low,Medium,Medium,Medium,"0,07",179,2331,<10%
1kmX552Y334,1100,24.86775287,57.15074173,Low,High,Low,Medium,"0,76",832,268,70%-79%
1kmX552Y335,1976,24.86796322,57.15972396,Medium,High,Medium,Low,"0,23",459,1517,20%-29%
1kmX552Y336,464,24.86817369,57.16870618,Medium,High,Medium,Low,"0,68",314,150,60%-69%
1kmX552Y402,379,24.88234274,57.76150304,Medium,Medium,Low,High,"0,87",328,51,80%-89%
1kmX552Y403,594,24.88256171,57.77048436,Medium,Medium,Medium,Medium,"0,65",388,206,60%-69%
1kmX553Y334,2154,24.88427927,57.15062634,Low,Medium,Medium,Medium,"0,85",1824,330,80%-89%
1kmX553Y335,672,24.88449363,57.15960854,Medium,Medium,Medium,Medium,"0,96",644,28,90%-99%
1kmX554Y334,495,24.90080556,57.15050879,Low,Medium,Medium,Medium,"0,12",59,436,10%-19%
1kmX556Y307,526,24.92779550,56.90774611,Low,Medium,Medium,Medium,"0,58",305,221,50%-59%
1kmX557Y318,475,24.94671590,57.00642875,Low,Medium,Medium,Medium,"0,70",333,142,70%-79%
1kmX557Y319,358,24.94694413,57.01541100,Medium,Medium,High,Medium,"0,32",115,243,30%-39%
1kmX558Y318,390,24.96317791,57.00630318,Medium,Medium,Medium,Medium,"0,70",274,116,70%-79%
1kmX558Y319,523,24.96341010,57.01528538,Low,Medium,Medium,Medium,"0,26",135,388,20%-29%
1kmX559Y281,817,24.97099770,56.67382598,Medium,Medium,Medium,Medium,"0,80",650,167,70%-79%
1kmX560Y291,303,24.98967060,56.76352329,Medium,Medium,Medium,Medium,"0,77",232,71,70%-79%
1kmX562Y337,339,25.03376264,57.17643535,Low,Medium,Low,High,"0,79",268,71,70%-79%
1kmX562Y338,681,25.03401347,57.18541711,Medium,Medium,Medium,Medium,"0,74",503,178,70%-79%
1kmX562Y413,664,25.05325404,57.85901060,Low,Medium,Low,High,"0,23",155,509,20%-29%
1kmX562Y414,441,25.05351640,57.86799134,Low,Medium,Low,High,"0,59",259,182,50%-59%
1kmX563Y345,361,25.05234267,57.24815142,Medium,Medium,Medium,High,"0,71",258,103,70%-79%
1kmX566Y274,771,25.08340673,56.61000637,Medium,Medium,Medium,High,"0,53",412,359,50%-59%
1kmX566Y275,510,25.08366400,56.61898881,Medium,Medium,Medium,Medium,"0,40",204,306,40%-49%
1kmX568Y277,357,25.11677896,56.63666543,Medium,Medium,Medium,Medium,"0,64",228,129,60%-69%
1kmX568Y278,661,25.11704442,56.64564773,Medium,Medium,Medium,Medium,"0,76",500,161,70%-79%
1kmX569Y278,451,25.13334805,56.64550037,Low,Medium,Medium,High,"0,07",32,419,<10%
1kmX569Y279,442,25.13361754,56.65448260,Medium,Medium,Low,High,"0,94",414,28,90%-99%
1kmX570Y300,560,25.15570226,56.84295575,Low,Medium,Medium,Medium,"0,61",343,217,60%-69%
1kmX571Y305,301,25.17349696,56.88771198,Low,Medium,Medium,Medium,"0,70",211,90,70%-79%
1kmX572Y380,518,25.21179245,57.56114615,Medium,Medium,Medium,Medium,"0,42",215,303,40%-49%
1kmX574Y351,396,25.23639846,57.30037902,Low,Medium,Low,High,"0,69",272,124,60%-69%
1kmX574Y352,495,25.23669989,57.30935997,Medium,Medium,Medium,Medium,"0,41",201,294,40%-49%
1kmX575Y351,304,25.25298992,57.30021481,Medium,Medium,Medium,Medium,"0,87",264,40,80%-89%
1kmX575Y352,1558,25.25329539,57.30919571,Medium,Medium,Medium,Medium,"0,96",1488,70,90%-99%
1kmX575Y353,745,25.25360104,57.31817659,Low,Medium,Low,High,"0,14",108,637,10%-19%
1kmX575Y370,352,25.25882468,57.47084951,Medium,Medium,Medium,Medium,"0,14",49,303,10%-19%
1kmX576Y262,416,25.24274650,56.50069730,Medium,Medium,Medium,Medium,"0,44",185,231,40%-49%
1kmX576Y273,1977,25.24598852,56.59949953,Low,Medium,Low,High,"0,24",469,1508,20%-29%
1kmX576Y351,697,25.26958120,57.30004841,Low,Medium,Medium,Medium,"0,92",643,54,90%-99%
1kmX576Y352,3007,25.26989071,57.30902926,Low,Medium,Medium,Medium,"0,26",781,2226,20%-29%
1kmX576Y353,1556,25.27020041,57.31801008,Low,Medium,Low,High,"0,59",923,633,50%-59%
1kmX576Y395,326,25.28337387,57.69519226,Low,Medium,Medium,Medium,"0,42",137,189,40%-49%
1kmX577Y273,3212,25.26227151,56.59933537,Low,Medium,Medium,Medium,"0,52",1656,1556,50%-59%
1kmX577Y274,1501,25.26257112,56.60831725,Medium,Medium,Medium,Medium,"0,41",618,883,40%-49%
1kmX577Y351,1588,25.28617231,57.29987983,Low,Medium,Low,High,"0,65",1038,550,60%-69%
1kmX577Y352,1624,25.28648586,57.30886061,Low,Medium,Medium,Medium,"0,82",1333,291,80%-89%
1kmX577Y353,2317,25.28679959,57.31784139,Low,Medium,Medium,Medium,"0,82",1898,419,80%-89%
1kmX578Y417,649,25.32413224,57.89240690,Low,Medium,Low,High,"0,47",308,341,40%-49%
1kmX578Y418,395,25.32446250,57.90138670,Low,Low,Medium,High,"0,36",143,252,30%-39%
1kmX579Y417,333,25.34099491,57.89222996,Low,Medium,Low,High,"0,84",281,52,80%-89%
1kmX579Y418,787,25.34132937,57.90120970,Medium,Medium,Medium,High,"0,97",760,27,90%-99%
1kmX580Y229,352,25.29760257,56.20362086,Medium,Medium,Medium,Medium,"0,63",222,130,60%-69%
1kmX580Y376,528,25.34414425,57.52387189,Low,Medium,Medium,Medium,"0,73",386,142,70%-79%
1kmX580Y416,389,25.35751892,57.88307109,Low,Low,High,Medium,"0,38",147,242,30%-39%
1kmX580Y417,371,25.35785738,57.89205078,Low,Medium,Low,High,"0,78",291,80,70%-79%
1kmX581Y229,499,25.31371711,56.20345073,Medium,Medium,Medium,Medium,"0,11",55,444,10%-19%
1kmX581Y352,1018,25.35286456,57.30816416,Medium,Medium,Medium,Medium,"0,66",668,350,60%-69%
1kmX581Y353,484,25.35319447,57.31714470,Medium,Medium,Medium,Medium,"0,09",42,442,<10%
1kmX581Y413,327,25.37335023,57.85595077,Medium,Medium,Medium,Medium,"0,45",146,181,40%-49%
1kmX582Y377,360,25.37786697,57.53249209,Medium,Medium,Medium,Medium,"0,89",322,38,80%-89%
1kmX583Y376,513,25.39421996,57.52332868,Low,Medium,Medium,Medium,"0,67",342,171,60%-69%
1kmX583Y377,2015,25.39456278,57.53230874,Low,Medium,Low,Medium,"0,94",1904,111,90%-99%
1kmX583Y378,560,25.39490580,57.54128880,Low,Medium,Medium,Medium,"0,69",386,174,60%-69%
1kmX584Y377,1156,25.41125838,57.53212320,Low,Medium,Low,High,"0,96",1115,41,90%-99%
1kmX584Y378,5812,25.41160550,57.54110319,Low,Medium,Medium,Medium,"0,14",837,4975,10%-19%
1kmX584Y379,924,25.41195283,57.55008316,Medium,Medium,Medium,Medium,"0,71",655,269,70%-79%
1kmX585Y269,334,25.39120886,56.56201963,Medium,Medium,High,Low,"0,19",64,270,10%-19%
1kmX585Y361,1925,25.42236227,57.38825471,Low,Medium,Medium,Medium,"0,72",1385,540,70%-79%
1kmX585Y376,657,25.42760275,57.52295550,Low,Medium,Medium,Medium,"0,98",645,12,90%-99%
1kmX585Y377,4944,25.42795377,57.53193544,Low,Medium,Medium,Medium,"0,37",1827,3117,30%-39%
1kmX585Y378,1364,25.42830500,57.54091537,Low,Medium,Low,High,"0,19",262,1102,10%-19%
1kmX585Y379,1454,25.42865643,57.54989528,Medium,Medium,Medium,Medium,"0,78",1135,319,70%-79%
1kmX585Y380,1177,25.42900808,57.55887517,High,Medium,High,Low,"0,93",1093,84,90%-99%
1kmX585Y399,363,25.43572903,57.72949050,Medium,Medium,Medium,Medium,"0,81",295,68,80%-89%
1kmX586Y376,1619,25.44429384,57.52276560,Low,Medium,Medium,Medium,"0,61",983,636,60%-69%
1kmX586Y378,695,25.44500429,57.54072534,Medium,Medium,Medium,Medium,"0,40",277,418,30%-39%
1kmX586Y379,1373,25.44535983,57.54970518,Medium,Medium,Medium,Medium,"0,74",1021,352,70%-79%
1kmX586Y416,442,25.45866420,57.88194943,Medium,Medium,High,Medium,"0,49",217,225,40%-49%
1kmX587Y278,1129,25.42678460,56.64248289,Medium,Medium,Medium,Medium,"0,71",806,323,70%-79%
1kmX587Y279,461,25.42712381,56.65146410,Medium,Medium,Medium,Medium,"0,51",236,225,50%-59%
1kmX587Y379,315,25.46206302,57.54951288,Medium,Medium,Medium,Medium,"0,35",111,204,30%-39%
1kmX588Y279,530,25.44342797,56.65127612,Medium,Medium,Medium,Medium,"0,18",95,435,10%-19%
1kmX589Y371,371,25.49253199,57.47728409,Medium,Medium,Medium,Medium,"0,84",313,58,80%-89%
1kmX596Y245,1136,25.56125644,56.34434645,Medium,Medium,Medium,Medium,"0,18",203,933,10%-19%
1kmX596Y355,476,25.60292815,57.33217917,Medium,Medium,Medium,High,"0,27",128,348,20%-29%
1kmX597Y355,562,25.61953128,57.33196654,Low,Medium,Medium,High,"0,03",15,547,<10%
1kmX599Y307,689,25.63364998,56.90051272,Low,Medium,Medium,Medium,"0,87",599,90,80%-89%
1kmX600Y388,462,25.68291218,57.62762097,Low,Medium,Medium,High,"0,05",23,439,<10%
1kmX601Y388,358,25.69964920,57.62739706,Low,Low,Medium,High,"0,01",3,355,<10%
1kmX604Y275,678,25.70264736,56.61205807,Low,Medium,Medium,Medium,"0,89",604,74,80%-89%
1kmX604Y391,944,25.75115539,57.65364716,Low,Medium,Low,High,"0,40",379,565,40%-49%
1kmX605Y276,555,25.71934055,56.62081412,Medium,Low,Medium,Medium,"0,79",438,117,70%-79%
1kmX606Y276,888,25.73562919,56.62058796,Low,Medium,Low,High,"0,64",566,322,60%-69%
1kmX608Y225,569,25.74710330,56.16214196,Low,Medium,Medium,Medium,"0,34",193,376,30%-39%
1kmX608Y263,955,25.76276776,56.50339112,Medium,Medium,Medium,Medium,"0,43",415,540,40%-49%
1kmX608Y264,379,25.76318462,56.51237107,Medium,Medium,High,Low,"0,65",246,133,60%-69%
1kmX611Y221,327,25.79370984,56.12552865,High,Low,High,Medium,"0,13",42,285,10%-19%
1kmX613Y263,1575,25.84395478,56.50221227,Medium,Medium,Medium,Medium,"0,36",562,1013,30%-39%
1kmX613Y365,1046,25.88976067,57.41804749,Medium,Medium,Medium,Medium,"0,56",583,463,50%-59%
1kmX613Y366,752,25.89022342,57.42702548,Medium,Medium,Medium,Medium,"0,22",166,586,20%-29%
1kmX613Y367,338,25.89068644,57.43600346,Medium,High,Low,Medium,"0,44",150,188,40%-49%
1kmX614Y262,5695,25.85975182,56.49299065,Low,Medium,Medium,Medium,"0,91",5169,526,90%-99%
1kmX614Y263,1347,25.86019144,56.50197013,Medium,Medium,Medium,Medium,"0,31",424,923,30%-39%
1kmX614Y264,1239,25.86063131,56.51094960,Low,Medium,Medium,Medium,"1,00",1235,4,90%-99%
1kmX614Y265,1196,25.86107143,56.51992905,Low,Medium,Medium,Medium,"0,09",107,1089,<10%
1kmX614Y365,1208,25.90640008,57.41779679,Medium,Medium,Medium,Medium,"0,36",435,773,30%-39%
1kmX614Y366,1350,25.90686690,57.42677469,Low,Medium,Low,High,"0,35",474,876,30%-39%
1kmX615Y261,684,25.87554121,56.48376706,Medium,Medium,Low,Medium,"0,73",501,183,70%-79%
1kmX615Y262,1951,25.87598440,56.49274648,Low,Medium,Medium,Medium,"0,21",416,1535,20%-29%
1kmX615Y263,1551,25.87642784,56.50172588,Low,Medium,Medium,High,"0,77",1189,362,70%-79%
1kmX615Y264,333,25.87687155,56.51070526,Medium,Medium,Medium,Medium,"0,45",151,182,40%-49%
1kmX615Y366,415,25.92351010,57.42652171,Medium,Medium,Medium,Medium,"0,93",386,29,90%-99%
1kmX616Y261,536,25.89176970,56.48352085,Low,Medium,Medium,Medium,"0,59",314,222,50%-59%
1kmX616Y262,2208,25.89221672,56.49250018,Low,Medium,Medium,Medium,"0,27",592,1616,20%-29%
1kmX616Y263,739,25.89266400,56.50147950,Medium,Medium,Medium,Medium,"0,74",548,191,70%-79%
1kmX616Y264,1360,25.89311153,56.51045880,Low,High,Medium,Medium,"0,27",372,988,20%-29%
1kmX617Y264,311,25.90935126,56.51021022,High,Low,High,Low,"0,55",171,140,50%-59%
1kmX618Y264,367,25.92559072,56.50995951,Medium,Medium,Medium,Medium,"0,97",355,12,90%-99%
1kmX619Y404,651,26.00880710,57.76661985,Low,Medium,Low,Medium,"0,21",137,514,20%-29%
1kmX619Y405,1112,26.00930564,57.77559671,Low,Medium,Low,High,"0,83",919,193,80%-89%
1kmX619Y406,761,26.00980448,57.78457355,Low,Medium,Low,High,"0,55",422,339,50%-59%
1kmX620Y284,531,25.96738256,56.68902765,Medium,Medium,Medium,Medium,"0,91",481,50,90%-99%
1kmX620Y405,1332,26.02174618,57.77612380,Low,Medium,Low,High,"0,54",721,611,50%-59%
1kmX621Y266,326,25.97524175,56.52715237,Medium,Medium,Low,High,"0,78",255,71,70%-79%
1kmX622Y240,344,25.97932752,56.29344035,Medium,Medium,Medium,Medium,"0,02",6,338,<10%
1kmX626Y297,430,26.07168871,56.80415669,Medium,Medium,Medium,Medium,"0,35",152,278,30%-39%
1kmX629Y307,312,26.12586756,56.89310711,Medium,Medium,Medium,Low,"0,67",209,103,60%-69%
1kmX631Y342,316,26.17698591,57.20673895,Medium,Medium,High,Low,"0,06",20,296,<10%
1kmX633Y249,386,26.16149075,56.37127612,Medium,Medium,Medium,Medium,"0,46",178,208,40%-49%
1kmX634Y246,2700,26.17613321,56.34405912,Low,Medium,Medium,Medium,"0,50",1354,1346,50%-59%
1kmX634Y247,1852,26.17664469,56.35303707,Low,Medium,Medium,High,"0,08",145,1707,<10%
1kmX634Y248,1736,26.17715646,56.36201500,Low,Medium,Medium,Medium,"0,67",1156,580,60%-69%
1kmX634Y302,1177,26.20523498,56.84679942,Low,Medium,Medium,Medium,"0,31",362,815,30%-39%
1kmX634Y303,1485,26.20576327,56.85577647,Low,Medium,Medium,High,"0,28",419,1066,20%-29%
1kmX635Y302,759,26.22161685,56.84650894,Low,Medium,Medium,Medium,"0,98",745,14,90%-99%
1kmX635Y303,2255,26.22214906,56.85548588,Low,Medium,Medium,Medium,"0,97",2182,73,90%-99%
1kmX635Y304,907,26.22268158,56.86446281,Low,Medium,Medium,Medium,"0,16",141,766,10%-19%
1kmX636Y300,303,26.23692709,56.82826256,Medium,Medium,Medium,Medium,"0,16",48,255,10%-19%
1kmX640Y300,353,26.30241890,56.82707136,Medium,Medium,High,Low,"0,66",232,121,60%-69%
1kmX640Y311,360,26.30849921,56.92581166,Medium,Medium,High,Medium,"0,84",301,59,80%-89%
1kmX640Y316,807,26.31127588,56.97069296,Low,Medium,Medium,High,"0,81",652,155,80%-89%
1kmX642Y205,615,26.28350431,55.97364219,Low,Medium,Medium,High,"0,77",476,139,70%-79%
1kmX642Y206,571,26.28403358,55.98262002,Low,Low,Medium,High,"0,60",345,226,60%-69%
1kmX643Y205,590,26.29951444,55.97334445,Medium,Medium,Medium,Medium,"0,49",289,301,40%-49%
1kmX643Y206,376,26.30004740,55.98232218,Low,Medium,Low,High,"0,26",97,279,20%-29%
1kmX643Y341,447,26.37488354,57.19416443,Medium,Medium,Medium,Medium,"0,34",154,293,30%-39%
1kmX643Y377,303,26.39585278,57.51727119,Medium,High,Medium,Low,"0,36",109,194,30%-39%
1kmX647Y184,349,26.35212021,55.78360495,Low,Low,Medium,Medium,"0,79",276,73,70%-79%
1kmX647Y320,303,26.42865171,57.00441567,Low,Medium,Medium,Medium,"0,82",248,55,80%-89%
1kmX648Y198,357,26.37570891,55.90898353,Low,Low,Medium,High,"0,57",204,153,50%-59%
1kmX653Y198,306,26.45561787,55.90741540,Low,Medium,Low,High,"0,98",301,5,90%-99%
1kmX655Y191,907,26.48356272,55.84393696,Medium,Medium,Medium,Medium,"0,42",383,524,40%-49%
1kmX655Y192,755,26.48413553,55.85291368,Medium,Medium,Medium,Medium,"0,85",644,111,80%-89%
1kmX655Y195,873,26.48585590,55.87984374,High,Low,High,Low,"0,84",735,138,80%-89%
1kmX655Y198,460,26.48757921,55.90677364,Medium,Medium,Medium,Medium,"0,22",101,359,20%-29%
1kmX655Y199,552,26.48815429,55.91575024,Medium,Medium,Medium,High,"0,18",99,453,10%-19%
1kmX655Y351,376,26.57952287,57.27999393,Low,Medium,Medium,Medium,"0,14",52,324,10%-19%
1kmX656Y192,431,26.50009364,55.85259035,Low,Medium,Low,Medium,"0,44",189,242,40%-49%
1kmX656Y193,1302,26.50067045,55.86156694,Low,Medium,Medium,Medium,"0,95",1241,61,90%-99%
1kmX656Y194,740,26.50124758,55.87054352,Medium,Medium,Medium,Medium,"0,83",614,126,80%-89%
1kmX656Y196,1638,26.50240283,55.88849662,Low,Medium,Medium,Medium,"0,91",1497,141,90%-99%
1kmX656Y197,545,26.50298094,55.89747315,Medium,Medium,Medium,Medium,"0,12",68,477,10%-19%
1kmX656Y198,390,26.50355939,55.90644965,Low,Medium,Medium,Medium,"0,81",317,73,80%-89%
1kmX657Y193,1029,26.51663191,55.86124143,Low,Medium,Low,High,"0,05",54,975,<10%
1kmX657Y194,6480,26.51721272,55.87021789,Low,Medium,Low,High,"0,18",1145,5335,10%-19%
1kmX657Y195,4364,26.51779385,55.87919435,Low,Medium,Low,High,"0,99",4309,55,90%-99%
1kmX657Y197,2029,26.51895711,55.89714720,Low,Medium,Medium,Medium,"0,94",1917,112,90%-99%
1kmX657Y198,3609,26.51953924,55.90612359,Low,Medium,Medium,Medium,"0,35",1273,2336,30%-39%
1kmX658Y192,395,26.53200889,55.85193747,Medium,Medium,Medium,Medium,"0,45",179,216,40%-49%
1kmX658Y193,802,26.53259304,55.86091385,Medium,Medium,Medium,Medium,"0,20",164,638,20%-29%
1kmX658Y194,3690,26.53317752,55.86989020,Low,Medium,Medium,Medium,"0,55",2045,1645,50%-59%
1kmX658Y195,4157,26.53376233,55.87886654,Medium,Medium,Medium,Medium,"0,82",3393,764,80%-89%
1kmX658Y196,1765,26.53434748,55.88784287,Low,Medium,Medium,Medium,"0,10",180,1585,10%-19%
1kmX658Y197,2992,26.53493295,55.89681917,Low,Medium,Medium,Medium,"0,39",1159,1833,30%-39%
1kmX658Y198,4895,26.53551876,55.90579546,Low,Medium,Medium,Medium,"0,82",4004,891,80%-89%
1kmX658Y219,314,26.54789803,56.09429355,Medium,Low,High,Medium,"0,09",29,285,<10%
1kmX659Y192,427,26.54796602,55.85160793,Medium,Medium,Low,Medium,"0,62",264,163,60%-69%
1kmX659Y193,567,26.54855384,55.86058420,Medium,Medium,Medium,Medium,"0,26",148,419,20%-29%
1kmX659Y194,2891,26.54914199,55.86956044,Low,Medium,Medium,Medium,"0,26",765,2126,20%-29%
1kmX659Y195,8017,26.54973048,55.87853667,Low,Medium,Medium,High,"0,89",7168,849,80%-89%
1kmX659Y196,7277,26.55031930,55.88751289,Low,Medium,Low,High,"0,89",6502,775,80%-89%
1kmX659Y197,1692,26.55090846,55.89648908,Low,Medium,Medium,Medium,"0,55",927,765,50%-59%
1kmX659Y289,381,26.60657705,56.72222493,Medium,Low,Medium,Medium,"0,41",158,223,40%-49%
1kmX659Y290,315,26.60719848,56.73119951,Medium,Medium,Medium,Medium,"0,12",38,277,10%-19%
1kmX660Y193,302,26.56451431,55.86025248,Low,Low,Medium,High,"0,78",236,66,70%-79%
1kmX660Y194,1029,26.56510613,55.86922861,Low,Medium,Medium,Medium,"0,55",567,462,50%-59%
1kmX660Y195,2982,26.56569830,55.87820473,Low,Medium,Low,High,"0,55",1653,1329,50%-59%
1kmX660Y196,3019,26.56629080,55.88718083,Low,Medium,Low,High,"0,27",808,2211,20%-29%
1kmX660Y197,3037,26.56688363,55.89615692,Low,Medium,Low,High,"0,56",1714,1323,50%-59%
1kmX661Y194,1791,26.58106994,55.86889472,Low,Medium,Medium,Medium,"0,52",940,851,50%-59%
1kmX661Y380,491,26.69800777,57.53813105,Low,Medium,Medium,High,"0,08",39,452,<10%
1kmX662Y194,755,26.59703340,55.86855875,Medium,Medium,Medium,Medium,"0,10",72,683,<10%
1kmX662Y196,747,26.59823277,55.88651052,Low,Medium,Medium,Medium,"0,94",701,46,90%-99%
1kmX662Y197,483,26.59883297,55.89548638,Low,Medium,Medium,Medium,"0,78",375,108,70%-79%
1kmX662Y202,901,26.60183906,55.94036541,Low,Medium,Medium,High,"0,15",139,762,10%-19%
1kmX663Y197,870,26.61480712,55.89514800,Low,Low,Low,High,"0,24",213,657,20%-29%
1kmX663Y198,599,26.61541134,55.90412373,Medium,Low,High,Medium,"0,21",126,473,20%-29%
1kmX665Y198,747,26.64736598,55.90344054,Medium,Medium,Medium,Medium,"0,11",81,666,10%-19%
1kmX665Y202,973,26.64981577,55.93934236,Low,Medium,Medium,Medium,"0,05",44,929,<10%
1kmX665Y309,735,26.71747408,56.89961113,Low,Medium,Medium,High,"0,28",208,527,20%-29%
1kmX665Y310,468,26.71812632,56.90858464,Medium,Medium,Medium,Medium,"0,63",294,174,60%-69%
1kmX665Y335,494,26.73455636,57.13291675,Medium,High,Low,Medium,"0,45",223,271,40%-49%
1kmX665Y336,382,26.73521857,57.14188981,Low,Medium,Medium,Medium,"0,33",126,256,30%-39%
1kmX666Y339,1667,26.75372486,57.16844730,Low,Medium,Medium,Medium,"0,76",1263,404,70%-79%
1kmX666Y340,1360,26.75439261,57.17742015,Low,Medium,Medium,Medium,"0,55",745,615,50%-59%
1kmX667Y339,2508,26.77024183,57.16808356,Low,Medium,Medium,Medium,"0,86",2148,360,80%-89%
1kmX667Y340,447,26.77091357,57.17705630,Medium,Medium,Medium,Medium,"0,39",176,271,30%-39%
1kmX668Y240,1140,26.72176808,56.27934046,Low,Medium,High,Medium,"0,90",1029,111,90%-99%
1kmX668Y241,965,26.72240616,56.28831485,Medium,Medium,Medium,Medium,"0,65",629,336,60%-69%
1kmX668Y242,2899,26.72304460,56.29728922,Low,Medium,Medium,Medium,"0,16",457,2442,10%-19%
1kmX668Y277,404,26.74562280,56.61138080,Low,Medium,Medium,High,"0,88",355,49,80%-89%
1kmX669Y241,584,26.73854211,56.28795882,Medium,Medium,Medium,Medium,"0,32",185,399,30%-39%
1kmX669Y242,658,26.73918433,56.29693307,Medium,Medium,Medium,Medium,"0,77",509,149,70%-79%
1kmX669Y277,1022,26.76189594,56.61102041,Low,Medium,Low,High,"0,06",66,956,<10%
1kmX672Y247,354,26.79087458,56.34072115,Medium,Medium,High,Low,"0,60",213,141,60%-69%
1kmX674Y181,380,26.78023426,55.74769582,Medium,Low,Medium,High,"0,98",372,8,90%-99%
1kmX679Y270,858,26.91975827,56.54449268,Low,Medium,Medium,High,"0,68",581,277,60%-69%
1kmX679Y271,434,26.92044962,56.55346515,Medium,Medium,Medium,Medium,"0,69",298,136,60%-69%
1kmX680Y270,1098,26.93600024,56.54410981,Low,Medium,Medium,Medium,"0,94",1032,66,90%-99%
1kmX681Y369,438,27.02345192,57.43188251,Medium,Medium,High,Low,"0,95",415,23,90%-99%
1kmX682Y367,583,27.03859551,57.41354164,Low,Medium,Medium,High,"0,66",384,199,60%-69%
1kmX682Y368,1784,27.03933923,57.42251189,Low,Medium,Medium,High,"0,01",23,1761,<10%
1kmX682Y369,1169,27.04008339,57.43148212,Low,Medium,Low,High,"0,01",12,1157,<10%
1kmX683Y367,922,27.05521844,57.41313934,Medium,Medium,Medium,Medium,"0,21",195,727,20%-29%
1kmX683Y368,1021,27.05596621,57.42210945,Low,Medium,Medium,High,"0,12",123,898,10%-19%
1kmX684Y368,608,27.07259275,57.42170481,Low,Medium,Medium,Medium,"0,09",54,554,<10%
1kmX687Y223,343,27.01621222,56.11969255,Low,Medium,Medium,Medium,"0,27",91,252,20%-29%
1kmX695Y248,311,27.16313178,56.34076068,Low,Medium,Medium,Medium,"0,74",229,82,70%-79%
1kmX695Y249,1023,27.16387496,56.34973142,Low,Medium,Medium,High,"0,85",869,154,80%-89%
1kmX696Y248,331,27.17928345,56.34034699,Medium,Medium,High,Medium,"0,63",210,121,60%-69%
1kmX696Y336,311,27.24669391,57.12968448,Medium,Medium,Medium,Medium,"0,67",207,104,60%-69%
1kmX696Y337,650,27.24747991,57.13865335,Low,Medium,Medium,Medium,"0,07",44,606,<10%
1kmX697Y199,446,27.15916958,55.90035470,Medium,Medium,Medium,Medium,"0,79",351,95,70%-79%
1kmX697Y336,3016,27.26318613,57.12925608,Low,Medium,Medium,High,"0,25",763,2253,20%-29%
1kmX698Y198,1613,27.17440455,55.89097233,Low,Medium,Medium,High,"0,37",596,1017,30%-39%
1kmX698Y199,2666,27.17513784,55.89994363,Low,Medium,Medium,High,"0,26",701,1965,20%-29%
1kmX698Y288,396,27.24210695,56.69831064,Low,Medium,Medium,Medium,"0,27",106,290,20%-29%
1kmX698Y336,1650,27.27967789,57.12882551,Low,Medium,Medium,Medium,"0,61",1008,642,60%-69%
1kmX699Y198,2194,27.19036872,55.89055934,Low,Medium,Medium,Medium,"0,54",1185,1009,50%-59%
1kmX699Y276,405,27.24913350,56.59025076,Low,Medium,Medium,Medium,"0,03",11,394,<10%
1kmX704Y265,669,27.32175396,56.48943980,Medium,Medium,Medium,Medium,"0,23",153,516,20%-29%
1kmX704Y266,1082,27.32253876,56.49840892,Low,Medium,Medium,Medium,"0,83",895,187,80%-89%
1kmX704Y267,2616,27.32332401,56.50737802,Low,Medium,Medium,Medium,"0,76",1990,626,70%-79%
1kmX704Y268,1836,27.32410972,56.51634709,Medium,Medium,Medium,Medium,"0,41",761,1075,40%-49%
1kmX705Y264,378,27.33717801,56.48003571,Medium,Medium,Medium,Medium,"0,39",148,230,30%-39%
1kmX705Y265,995,27.33796617,56.48900470,Medium,Medium,Medium,Medium,"0,10",97,898,<10%
1kmX705Y266,1356,27.33875479,56.49797367,Medium,Medium,Medium,Medium,"0,29",389,967,20%-29%
1kmX705Y267,2452,27.33954386,56.50694262,Low,Medium,Medium,Medium,"0,50",1217,1235,40%-49%
1kmX705Y268,6244,27.34033338,56.51591154,Low,Medium,Medium,Medium,"0,32",1969,4275,30%-39%
1kmX705Y269,3336,27.34112336,56.52488045,Low,Medium,Medium,Medium,"0,09",307,3029,<10%
1kmX706Y266,564,27.35497036,56.49753630,Medium,Medium,Medium,Medium,"0,02",12,552,<10%
1kmX706Y267,1434,27.35576325,56.50650510,Medium,Medium,Medium,Medium,"0,99",1416,18,90%-99%
1kmX706Y268,703,27.35655659,56.51547388,Low,Medium,Medium,Medium,"0,53",374,329,50%-59%
1kmX706Y269,3372,27.35735038,56.52444264,Low,Medium,Medium,Medium,"0,26",886,2486,20%-29%
1kmX706Y274,352,27.36132624,56.56928613,Low,Medium,High,Medium,"0,87",305,47,80%-89%
1kmX707Y267,669,27.37198218,56.50606548,Medium,Medium,Low,High,"0,17",117,552,10%-19%
1kmX719Y222,1168,27.52913744,56.09709751,Medium,Medium,Medium,High,"0,12",135,1033,10%-19%
1kmX719Y248,330,27.55064907,56.33025195,Medium,Medium,High,Medium,"0,75",247,83,70%-79%
1kmX720Y222,551,27.54518094,56.09663743,Low,Medium,Medium,Medium,"0,99",543,8,90%-99%
1kmX721Y343,342,27.66506347,57.18107934,Medium,Medium,Medium,High,"0,30",103,239,30%-39%
1kmX722Y343,315,27.68157127,57.18059567,Low,Low,Medium,High,"0,50",157,158,40%-49%
1kmX724Y299,672,27.67546364,56.78516936,Low,Medium,Medium,Medium,"0,97",654,18,90%-99%
1kmX725Y299,609,27.69179698,56.78468647,Low,Medium,Medium,Medium,"0,85",516,93,80%-89%
1kmX727Y272,1425,27.70063370,56.54165626,Low,Medium,Medium,Medium,"0,12",173,1252,10%-19%
1kmX728Y272,3426,27.71686160,56.54117142,Low,Medium,Medium,Medium,"0,71",2435,991,70%-79%
1kmX728Y273,1118,27.71774135,56.55013665,Low,Medium,Medium,High,"0,39",434,684,30%-39%
1kmX729Y271,301,27.73220594,56.53171938,Low,Medium,Medium,High,"0,35",105,196,30%-39%
1kmX729Y272,388,27.73308900,56.54068447,Medium,Medium,Medium,Medium,"0,09",36,352,<10%
1kmX729Y273,485,27.73397257,56.54964954,Low,Medium,Medium,High,"0,63",304,181,60%-69%
1kmX754Y256,792,28.12301669,56.38444875,Medium,Medium,Medium,Medium,"0,38",299,493,30%-39%
